Date,total,total,total,total,total,total,total,total,total,total,total,total,total,total,total,total,total,total,total,total,total,total,total,total,total,total,total,total,total,total,total,total,total,total,total,total,total,total,GDPA,GDPQ,GDPM,45,46,49,52,55,56,58,59,60,61,62,63,69.1,69.2,70.2,71,72,73,74,77,78,79,80,81.2,82,85,90,95,96,NSA,NSA,NSA,NSA,NSA,NSA,NSA,NSA,NSA,NSA,A,B,C,D,E,F,G,H,I,J,L,M,N,O,P,Q,R,S,"Food, drink and tobacco1",Clothing and footwear,Household goods1,Other non-food1
Jan-08,365.1,671.4,695.6,1242,254.5,459.3,272.5,58.1,551.2,937.9,1147.7,403.3,2216.2,219.5,299.8,493.7,450.8,1406.6,1842.1,643.8,615.4,852.6,2531.9,155.5,1666.7,1115.7,2534.8,4581.3,186.3,1103.8,104,638.9,823.9,38.5,296.3,952.1,139.2,1354.2,1589931,404096,92.2,11260.9,55259.3,3227,3502.7,1269.2,4399.7,1610.1,1048.3,668.7,4782.7,4678.5,679.2,2223.1,1688,3312.2,3432.3,1252.3,1988.7,1092.3,1807.9,2865.8,1556.1,457.3,663.2,2360.3,3561.2,515.1,208.6,467.9,23.03,14.06,14.45,260.76,59.12,18.43,14.07,15.91,278.79,56.74,-0.07,-0.08,0.1,0.07,0.18,-0.1,-0.1,0.01,-0.41,0.01,-0.23,-0.03,-0.06,0.19,0.14,-0.14,-0.02,0.02,76.8,60,85,60.6
Feb-08,443.1,665.5,701.9,1230.2,276,491.8,245.6,69.9,603,904.5,1129.2,395.4,2331.1,248.1,308.8,482,433.3,1300.2,1891.1,680.9,731.2,827.7,2657.4,251.1,1706.3,1156.6,2697.4,5098.1,266.7,1273.9,107.2,714.8,822.5,54.9,343.3,1045.7,133.3,1452.3,1547563,394713,92.6,10372.9,52163.7,3251.3,3558.8,1391.4,4438.4,1718.5,1089.1,607.2,4909.1,4952.7,726.4,1962.4,1532,3390.7,3561.3,1077.5,2014.2,1192.3,1794.6,3017.5,1749.3,443.1,600.2,2611.3,3054.1,478.5,223.9,465.2,24.01,15.38,15.78,282.13,58.87,19.55,15.39,17.26,298.48,56.28,-0.08,0.15,0.05,0.19,0.09,0.03,0.08,-0.03,0.41,-0.01,-0.07,-0.02,-0.05,-0.28,-0.1,-0.21,0.12,-0.06,81.9,60.4,78.7,66.8
Mar-08,438.8,695.2,693.1,1198.6,323.2,489.1,262.4,61.3,592.4,883,1198.9,416.7,2265.2,260.9,321.5,469,450.4,1242.2,1775.7,656,694.8,880.3,2629.7,264.2,1887.6,1163.1,2785.3,4854.7,223.7,1289.4,157.7,683.1,860.6,48.2,349,1148.4,138.4,1424.8,1601927,395530,91.7,16555.7,64294.8,3422.5,3570.8,1536.6,4706.2,1763,1199,696.8,5171.8,5822.2,778.8,2212.7,1516.1,3702.4,3755.5,1399.3,2289.9,1264.3,1884.3,3063,1779,460.3,599.2,2766.3,3249,529,226.9,470.7,22.13,14.41,14.78,278.28,59.27,17.84,14.14,15.47,291.83,56.41,-0.05,0,0.06,-0.16,-0.13,0.06,0.02,0.14,-0.02,0.01,0.23,0.19,0.13,0.53,0.12,0.33,0.17,0,82.9,63.1,79.9,67.5
Apr-08,465,668.1,766.1,1166.3,327.9,545.7,256.7,65.1,629.4,949.6,1188.4,429.3,2278.7,246.7,328.7,501.8,458.5,1239.7,1936.3,738.2,770,919,2801,195.1,1750,1164.2,2845.2,5103.1,241.8,1388.5,106.5,698.3,835,48.9,375.4,1076.9,148.9,1658.1,1659784,395592,92.2,13020.9,61940.6,3538.4,3765.8,1633.4,4705.8,1710.4,1092.7,679,4881.3,5146,742.2,2668.3,1404.7,3673.7,3785.9,1241.2,2148.6,1219,1829.9,3045.7,1691.1,461.3,624.1,2636.3,3715.1,605.5,221.5,485.6,24.33,16.27,16.64,289.12,59.25,19.05,15.91,17.6,299.96,56.47,0.01,0.1,0.12,0.13,0.41,-0.03,0.05,0.07,-0.1,-0.08,-0.19,-0.04,-0.02,-0.2,-0.08,0.18,-0.05,0.01,82.9,65.2,79.2,69.6
May-08,440.8,702.3,705.2,1204.3,392.9,504.2,255.5,62.8,627.4,926.9,1158.8,392.3,2446.3,242.9,341.1,522.9,437.9,1140.1,1832.3,688.4,701.6,836.8,2669.3,215.9,1788.7,1082.9,2706.6,4617.6,265.8,1310.8,99,680.6,762.1,55.2,356,1050,138.7,1599.6,1712321,388041,91.3,12065.9,59509.8,3405.5,3728.2,1777.7,4932.1,1655,1050,669.5,4952,5081.5,714,1761.8,1308.2,3399.8,3764.8,1155.6,2102.6,1206.5,1814,2981.1,2307.2,461.9,606.4,2617.9,3304.7,480.9,222.5,487.8,23.06,15.86,15.97,292.46,59.45,17.6,15.41,16.71,301.35,56.44,-0.02,-0.24,-0.11,-0.21,-0.49,-0.09,-0.01,0.09,0.21,-0.01,-0.05,-0.11,-0.05,-0.35,-0.09,-0.39,-0.03,0.03,86.8,74.3,78,74.4
Jun-08,446.3,661.4,693.1,1194.8,359.4,513.4,263.6,61.1,577.4,899.9,1169.1,433.4,2328.3,244.9,370.1,512.2,459.8,1233,1853.4,696.8,725.6,890.6,2749.9,241.9,1904.9,1144,2873.5,4760,300,1553.3,114.2,648.3,794.5,63.9,422.8,1148.7,138.1,1548.2,1782109,380133,91,12429.3,64541.4,3428.4,3799,1817.4,4762.8,1761.6,1100.4,690.5,5058.5,5613.4,759.3,2104.6,1439.8,3481.7,3904.7,1154.3,2203.5,1259.3,1803.9,3057.8,2332.6,449.7,623.6,2739.6,3344.6,452.4,225.3,499.2,23.56,16.34,16.59,292.47,59.24,18.22,15.93,17.38,301.81,56.16,-0.05,0.02,0.06,-0.31,-0.1,-0.01,-0.06,0.24,-0.07,0.02,0.15,0.03,0.03,0.16,-0.19,0.31,-0.11,-0.08,85.9,69.1,76.1,73.6
Jul-08,457.3,716.8,779,1224.6,366,527.3,308.6,60.5,596.7,985.5,1112.1,470,2698.2,233.8,368.7,546.6,470.9,1298.7,1924.7,689.3,714.9,882.8,2876,236,1732.6,1136,2793.1,4710.6,249.2,1471.4,112.8,652.4,809.7,51,399.5,1103.7,148.6,1594.4,1861964,387704,90.5,11248.1,65918.6,3588.4,3732.6,1962,5071.6,1622.5,1056.9,671.4,5020.3,5220.6,741.2,2321.1,1319.4,3420.8,3875.2,1103.6,2077.5,1222.2,1936.2,2920.5,2947.5,444.9,633.3,2644.7,3646.8,556.6,218.4,519.3,23.8,17.01,17,297.9,58.8,18.06,16.17,17.54,303.83,55.78,-0.04,-0.09,0.03,0.14,0.07,-0.09,0.09,0.03,0.19,0.01,-0.14,0.05,0.02,0.06,-0.23,-0.39,0.12,0.06,85.4,72.7,76.6,72.8
Aug-08,399.5,672.4,690,1133.6,348.2,456.4,318.9,53.1,541.4,890.5,1043.9,403.7,2403.4,188.6,349.2,511.9,411.4,1119,1717.8,594.1,629.4,719.3,2613.1,194.9,1672.4,1084.7,2334.7,3060.1,220.8,1226.8,96.6,605.7,716.5,50.9,334.5,985,157.8,1640.6,1916896,391685,90.4,8845.9,57984,3196.3,3545.6,1891.3,5095.9,1537.2,1054.7,707.8,4968.9,5076.1,699.3,1807.3,1153.2,3231.2,3728.4,1065.1,1930.2,1052.9,1733.6,2785.8,2886,455.3,644.2,2217.5,3489.8,523.3,195.8,472.1,21.09,15.8,15.65,295.22,59.07,16.07,15.01,16.07,299.17,56.34,0,-0.16,-0.28,-0.14,-0.29,-0.15,-0.13,-0.41,0.01,-0.12,-0.11,-0.2,-0.12,-0.32,-0.15,-0.15,-0.13,-0.13,84.5,70.9,78.1,68.7
Sep-08,412.1,737,771.7,1406.8,329.1,533.4,336.4,63.8,579.6,1001.2,1229.7,417.7,2486.8,226,372.8,551.4,486.2,1278.2,1892.3,662.5,663.9,835.8,2859.5,268.7,1881.4,1205.2,2801.3,4630,283.9,1461.3,131.3,741.3,838.4,66.7,395.9,1175.4,150.1,1501.6,1995479,397761,89.5,13589.1,61220.4,3498.9,3756.6,1839.7,4847.4,1938.3,1093.7,666.8,5101.8,5956.2,751.7,2133.1,1330.8,3513.3,3832.1,1215.9,2213.6,1215.3,1778.5,2957.2,2416.7,531.7,641.6,2625.8,4154.1,476.9,217.7,475.2,23.44,16.06,16.76,291.46,58.82,17.98,15.28,17.48,297.84,56.42,0.14,0.15,0.3,0.28,0.23,0.06,0.15,0.23,-0.21,0.19,0.19,0.2,0.11,0.26,0.24,0.32,-0.12,0.2,83.6,71.1,77.9,68.2
Oct-08,417.8,786.9,889.5,1566.5,333.3,518.7,347.4,59.1,576.8,1017.9,1207.8,400.7,1983.3,198.2,367.8,569.7,484.8,1428.2,2028.5,683.5,688.6,832.8,2784.9,269,1872.3,1251,2823.5,4044.5,285.3,1630.2,137,714.5,905.4,69.1,444.1,1163.9,144.9,1291.8,2071667,395751,88.9,10192.5,59342.7,3455.1,3779.5,1769,4938.8,1891.6,1109.8,717.1,5376.3,6091.7,755.6,2454.9,1415.1,3534.8,3934,1235,2257.9,1245.7,1803.4,3034.2,1763.6,532.7,651.5,2697.3,5236.3,534.4,225.3,481.4,23.43,15.55,16.52,290.78,58.56,18.83,14.91,17.34,299.64,56.37,0.06,-0.05,0.07,0.11,0.09,-0.03,0.15,-0.01,0.06,0.08,-0.12,-0.02,0,0.1,0.07,-0.17,0,0.03,85.7,75.8,82.5,70.4
Nov-08,275.4,720.5,747.1,1381.9,311,474.3,345.7,56.9,481.7,908.5,1116.3,349.1,1467.6,187.7,291.3,485.8,416.9,1153.3,1783.8,574.8,659.1,704.7,2440.5,264.3,1811.8,1147,2493,3309,283.4,1614.1,117.6,639.2,809.3,69.4,441.1,1096.6,129.4,1129.2,2144304,400852,88.1,8649.6,59319.3,3147.9,3487.1,1533.9,4500.5,1725.6,1159.2,680.1,5383.9,6129.2,759.4,1946.8,1280.5,3500.6,3661.9,1256.2,2385.2,1152.2,1637.3,2759.8,1298.5,483.5,612.5,2492.1,3814.4,491.1,217.2,451.8,21.59,13.73,15.14,274.03,58.65,16.85,13.07,15.84,280.68,56.36,-0.13,-0.02,-0.29,0.29,-0.47,-0.16,-0.16,-0.23,-0.38,-0.13,-0.14,-0.16,-0.26,-0.37,-0.18,0.46,-0.23,-0.06,89.6,82.9,95.6,81.7
Dec-08,225.5,815.6,788.4,1444.1,356.5,412.4,314,45,486.8,879,1027.2,316.2,1241.8,166.4,243.8,486,403.3,1383.3,1450.4,480.8,507.3,705.2,2014.9,343.3,1982.9,1036.5,2422.1,2519,330.9,1860.6,130.8,489.5,758,85.4,511.5,1100,126,1181.4,2216451,407563,88.1,8132.2,58563.5,2995.3,3478.1,1541.9,5143.2,1567.1,1192.5,783,5705.9,6430,796.2,2106.7,1203.2,3295.8,3640.4,1558.6,2018.6,1218.6,1535.8,2581.4,1621,523.7,595.7,2671.1,3495,480.9,209.2,515.9,19.04,11.49,12.82,261.5,59.14,14.93,11.18,13.7,270.54,57.25,0.27,0.07,-0.13,0.08,-0.51,-0.04,0.23,-0.18,0.13,-0.02,0.21,0.09,0.03,0.1,-0.19,-0.04,-0.04,-0.06,96.8,102.7,109.4,101.7
Jan-09,230.2,579.7,703,1194.7,281.5,434.5,259.1,54.8,481.7,811.6,1064.6,356,1440.6,193.9,252.3,467.2,474.4,1411.4,1559.6,491.4,500.1,635.6,2170.7,175.8,1622.5,910.5,1958.9,2604,152.9,1052.1,118.5,533.8,685.9,73.8,371.1,913.6,127.6,1096.2,,417878,87.4,9007.8,51504.3,2905.9,3259.6,1219.3,4057.7,1342.3,993.6,654.7,5173.5,4910.7,627.8,1998.3,1518.9,3042.5,3394.1,1001.5,1599.9,1040.5,1463.7,2267.7,1464.7,496.9,617.3,2060.8,3546.6,482,239.3,457.5,18.72,11.88,13.42,248.14,59.21,15.36,11.61,14.34,258.07,57.86,-0.27,-0.02,-0.06,0.06,0.37,-0.17,-0.16,-0.17,-0.4,-0.06,-0.18,-0.18,-0.19,0.08,0.07,-0.15,0.08,0.09,81.8,62,80,61.1
Feb-09,245.2,577.1,706.3,1357.4,277.1,446.9,246.3,52.6,517.6,820.8,979.9,375.9,1377.4,191,256.5,458.4,446.6,1425.8,1547.8,493.9,523.9,638,2161.8,193.5,1618.1,900.9,2069.6,2496.8,184.3,1251.6,132,593.8,689.3,90.9,430.4,990.2,119.3,1120.8,,407071,87,8440.7,52319.1,2827.5,3031.7,1253.1,4066.2,1374.4,954.4,591.5,5110.2,5082.9,569.3,1771.1,1344.8,3049.2,3466.6,1132.2,1685.4,1062.8,1404.7,2217.9,1509.1,481.2,611.7,2052.9,3036.6,474.8,243.7,447.4,20.41,13.17,14.8,259.48,58.76,16.72,12.82,15.76,272.1,57.65,-0.12,0.02,-0.06,0.13,-0.11,-0.04,-0.15,-0.12,-0.01,-0.02,-0.08,-0.01,-0.02,-0.23,-0.02,-0.21,-0.1,-0.11,86.2,59.4,71.1,61.9
Mar-09,306.3,671.1,797.6,1665.7,352.3,496.1,255.6,56.2,585.5,887.7,1166.9,480.9,1515.9,256.7,296.9,526.9,500.4,1551.2,1725.4,558.4,673.3,667.3,2409.3,307.4,1974.4,996.7,2344.3,3131.1,311,1800,147,601.2,888.7,55.2,441.9,1126.3,137.4,1291.5,,412440,86.2,13662.2,52613.8,3113.8,3225.7,1480.4,4602.8,1591.5,1138.5,723.9,5652.3,6463.3,620.8,2211.6,1521.4,3729,3786.2,1179.5,1942.2,1269.3,1512.2,2508.1,1602.6,512.3,612.8,2370.3,3403.4,505.3,269.4,463.5,21.17,14.14,15.95,279.44,59.45,17.99,14.06,17.07,295.17,58.72,0.05,0.06,0.35,-0.07,0.34,0.23,0.11,0.38,0.42,0.15,0.38,0.24,0.27,0.7,0.24,0.38,0.38,0.29,87.4,64.7,73.3,66.2
Apr-09,285.5,709.4,759,1267.3,376.1,482.2,210.6,53.7,578.8,852.3,1018.2,417.5,1420.2,221.8,289.2,502.8,470.3,1468.8,1644.7,518.4,632.7,654.1,2123.2,218.3,1687.5,866.7,2009.2,2949.5,299.4,1437.9,139,595.5,721.2,40.3,396.3,992.8,127.9,1256.1,,422395,87.2,9859.7,49545.4,2931.9,3094.3,1628.3,4688.9,1504.1,963.8,649.3,5149.8,4909.5,752.2,2222.4,1304.6,3100,3534,1082.6,1765.3,1009.5,1466.9,2264,1680.4,487.8,610.7,2533.3,3557.5,591.8,224.3,448.4,21.11,14.27,15.61,288.95,59.82,17.84,13.86,16.38,296.8,58.98,-0.02,-0.27,-0.17,0.15,0.03,-0.1,-0.06,-0.21,-0.17,-0.19,-0.3,-0.18,-0.13,-0.38,-0.08,-0.29,0.08,-0.14,89.6,70.1,76,68.2
May-09,239.7,625,739.5,1236.3,378.8,447.4,206.5,49.9,530.9,819.2,905.8,361.9,1456.2,202.8,262.8,502.2,435.3,1335.7,1633.3,507,608,592.2,2041.1,284.3,1609.7,788.9,1855.1,2706.1,223.8,1545.3,126.8,607.3,715.9,38.8,370.5,827.5,136.6,1216.1,,426793,86.3,9404,47856.3,2884.1,3040.6,1600.6,4353.7,1450.5,1013,621.9,5183,4971.4,664.4,1663.7,1185.3,2954.6,3364.3,1088.5,1640.3,1035.5,1522.4,2253.5,2242.3,515.7,614.3,2379.8,3360.3,440,236.4,448.8,20.26,14.12,15.3,289.97,60,15.84,13.08,15.35,289.18,59.2,-0.07,-0.03,-0.14,-0.33,0.04,-0.05,-0.09,0.03,0.29,-0.11,-0.04,-0.08,-0.02,-0.3,-0.44,0.09,-0.04,-0.01,89.9,68.8,75.8,69.3
Jun-09,279.6,650.3,758.2,1354.6,426.8,481.4,235.8,57.2,594.7,885.9,989.9,397.5,1644.2,238.5,287.1,533.1,489.7,1324.3,1728.3,553.4,667.6,668.1,2171.8,243.2,1934.3,877.4,2180.5,3445.7,286,1979.3,135.5,551.9,786.9,38.8,440.3,958.4,134.5,1265.1,,419089,86.3,10610.4,55329.7,3122.5,3261.3,1684,4206.7,1601.5,1071.5,619.1,5346.9,5427.1,777.7,1994.2,1420.8,3015.2,3605,1333.9,1654.4,1078.2,1526.9,2423.9,2566.3,481.4,631.6,2607.5,3502.2,486.7,261.4,459,21.86,15.43,16.67,294.76,59.48,17.68,14.54,16.95,296.21,58.6,0,0.02,0.22,0.26,0.06,0.14,0.01,0.32,-0.17,0.12,0.27,0.09,0.14,0.26,0.16,0.56,-0.1,0.08,91.3,72.7,73.6,71.5
Jul-09,288.2,672.9,795.7,1392.4,422.9,472.6,257.5,59,602.9,907.5,933.3,373.3,1658.2,192,291.6,523.1,520,1413.6,1783.2,592.5,655.7,650.5,2141.3,210.2,1697.8,855.2,1987.1,3399,294.4,1331.5,116.3,576.5,753.2,40.1,412,933.1,139.5,1362.4,,428168,86.9,10490.6,52445.8,3220.2,3298.7,1824.9,4398.3,1422.3,963.7,634.6,5241,5061.6,724,2163.7,1306.8,3142.5,3612.2,1146.8,1567.1,1068,1535.2,2446.6,2964.5,487.9,624.3,2363.7,3441.3,580.9,235.1,477.2,22.69,16.25,17.27,302.99,58.93,17.32,14.86,16.98,297.67,57.94,-0.07,0.02,-0.02,-0.13,0.05,-0.04,0.05,-0.02,0.21,-0.08,-0.21,-0.01,0.01,0.03,0.06,-0.42,0.07,-0.1,89,74.7,78.6,71.3
Aug-09,285.6,593.7,722,1167.2,369.8,433.8,257,49.4,573.7,799.7,881.2,365.5,1533,159.8,260.3,492.3,466,1333,1566.8,520,592.1,588.8,1992.1,223.7,1550.6,815.8,1974,2338.5,213.6,1397.5,120.1,504.8,674.2,39.6,391.9,867.6,157.4,1282.4,,438271,86.4,8143.1,48829.2,2841.2,3136.7,1739.3,4208.2,1357.4,919.6,578.6,4933.9,4508.3,602.4,1771.8,1136.2,2767.5,3290.5,1066.5,1484.4,939,1425.9,2266.2,2872.8,478.8,583.5,2188.5,3573.1,459.7,268,451.8,18.7,14.33,15.17,287.83,59.1,15.14,14.1,16.29,301.16,58.33,-0.05,0.06,-0.3,-0.2,-0.15,-0.12,-0.12,-0.41,0.02,-0.17,-0.11,-0.14,-0.15,-0.33,-0.25,-0.21,0.04,-0.14,88.3,69.3,79.6,68.8
Sep-09,310.7,702.6,806.3,1510.8,364.1,513.7,301.1,58,577.8,913.9,1073.8,350.8,1702.8,202.3,297.6,521.8,491.3,1428.7,1748.5,582.3,618.9,683.9,2160,242.1,1983,972.5,2295.9,4096.1,278.9,1538.8,129.8,679.6,764.8,47,419.1,977.9,156.2,1378.9,,440096,86.7,14588.7,57179.5,3208.5,3482.6,1675.9,4080.1,1808.4,1198.4,678.6,5155.2,5232.7,701.3,2028.5,1431,3064.7,3505.4,1102.3,1790.6,1098.5,1507.1,2420.7,2680.6,517.5,610,2494.1,4869.4,461.5,277.3,487,22.56,15.76,17.26,295.72,58.83,17.06,14.81,17.66,298.04,58.39,0.18,-0.02,0.35,0.19,0.28,0.13,0.19,0.29,-0.15,0.29,0.3,0.14,0.17,0.26,0.28,0.31,-0.01,0.06,86.5,73.3,80,67.1
Oct-09,303.6,714.3,811.7,1522.7,339.9,500,273.7,60.7,522.5,932,1058.3,381.8,1744.3,193.9,282.2,545.7,506.7,1430.1,1797.4,612.6,614.5,725.1,2171.7,369.4,1913.6,950.5,2370.3,3859.2,375.6,1785.6,134.8,678.7,818.9,45.5,424.5,913.7,160.5,1362.9,,439808,86.8,10908.3,56486.9,3167.8,3450.3,1608.6,4232,1747.7,1139.3,699.7,5197,5407.4,700.5,2300.6,1496.5,3088,3478.1,1150.2,1849.9,1178.3,1456.8,2464,2075.7,521.5,607,2650.1,5066.9,612.5,293,492.3,22.34,15.1,17.18,293.79,58.6,17.8,14.69,18.03,301.13,58.23,0.04,-0.15,0.01,0.07,0.1,-0.05,0.12,-0.02,0.12,0.02,-0.13,0,-0.04,0.12,0.38,-0.15,0.03,-0.05,87.4,78.9,88,71.5
Nov-09,249.8,652.5,815.1,1406.2,349.3,463.3,268.9,60.9,501.3,903.4,1056.5,335.5,1647.1,180.4,259.8,541.4,479.8,1433.6,1699.8,602.7,563.1,683.7,2120,261.1,1918.4,994,2352.7,3775.5,269.6,2208.2,116.9,625,823.4,38.2,429.8,901.5,163,1258.5,,444191,86.8,10155.4,59115.7,3023.3,3324.5,1413.2,3987.2,1719.3,1186.6,704,5283.6,5589.6,702.7,2064.3,1432,3081.4,3579.4,1120.2,2076.3,1146.6,1430.5,2392.8,1447.4,497.1,591.9,2686.3,4330.8,549.8,278.9,450.6,22.95,14.88,17.31,275.13,58.04,18.09,14.21,17.96,293.17,57.57,-0.05,0.3,-0.1,0.26,-0.26,-0.05,-0.07,-0.08,-0.33,-0.09,-0.1,-0.07,-0.09,-0.33,-0.3,-0.01,-0.38,-0.03,90.9,84.3,101,85.2
Dec-09,229.6,713.5,847.1,1361.1,394.3,390.4,233.3,50.1,432,832.3,896.4,319.6,1550.7,153.9,220.4,496,465.6,1289.6,1392.8,475.7,417.7,669.8,1736.4,314.1,2087.4,900.1,2279,3363.2,362.1,2260.2,119.7,520.5,798.6,37.2,455.9,947.6,170.3,1219.6,,458014,87.2,9828.9,68044.3,2940.7,3358.8,1389,4609.7,1587.8,1290.2,712.7,5357.4,5930.7,664.9,2189.6,1398.9,2941.1,3601.4,1169,1908,1170,1372.2,2348.4,1598.5,541,595.9,2787.7,3774,550.3,265.1,522.3,20.31,12.22,14.43,251.07,58.04,16.53,12.06,15.19,287.49,57.66,0.32,0.29,-0.11,0.11,-0.2,0,0.13,-0.15,0.21,-0.12,0.23,0.05,-0.04,0.15,0.04,0.34,0.04,-0.08,100.3,102.4,115,104.4
Jan-10,220.5,566.6,593.9,1387.4,289.9,358.3,194.8,54.5,412.3,799.2,886.9,333.5,1694.3,173.3,281.4,320.4,425.7,1534.5,1420.6,443.5,365.9,698.8,1889.8,144.6,1463.1,862.7,2172.2,3228.1,224.7,1264.7,122.9,497.7,608.6,26,254.6,583.4,133.2,1159.8,,464316,86.6,9319.3,65299.8,2652.1,3194.7,1038.6,3613.6,1318.5,986.2,689,5216,4191.9,765,2051.3,1609.8,2889.8,3039.2,1088.5,1635.3,812.1,1514.1,2293.3,1462,549.8,567.4,2445.4,3453.3,487.6,238.4,424.8,19.49,11.94,14.06,222.31,58.1,16.14,11.93,14.99,257.08,57.39,-0.37,-0.38,-0.13,0.09,-0.07,-0.31,-0.17,-0.2,-0.61,-0.08,-0.28,-0.23,-0.21,0.04,0.03,-0.21,-0.22,-0.15,83.2,64.4,78.4,58.1
Feb-10,298.4,563.7,629.7,1442.6,287.4,413.9,235.5,59.8,504.3,815.8,908.2,399,1684.8,163.5,312.6,334.7,422.1,1452.9,1534.5,497.5,533.3,713.8,2081.7,146.5,1640.4,982,2411.1,3586.8,294.4,1475.6,141.2,543.6,672.2,24.4,323.4,662.7,143.5,1265.1,,461656,87.7,8862.2,54592.8,2745.2,3293.9,1212.9,3775.6,1332.4,1012.2,682.9,5218.5,4553.2,719.4,1899,1599.6,2734.3,3160.3,1287.7,1772.1,905.5,1596,2379.4,1670,533.6,557.5,2415.8,3172.7,494.9,241.1,444.3,21.26,14.25,16.7,262.98,58.03,18.4,14.4,17.83,298.76,57.62,-0.02,-0.07,0.14,0.13,0.12,0.1,0.02,0.09,0.24,0.02,-0.05,0.09,0.06,-0.15,0.1,-0.09,0.23,0.07,86.2,63.8,77.4,64.3
Mar-10,381.7,774.9,740.9,1691.3,327.5,487.4,233.6,69.2,660,932.4,1112.1,450.2,2034.3,238.2,353.5,387.3,509.6,1791.9,1879.3,606.4,699.8,845.2,2524.8,231.8,2061.2,1216.2,3139.2,4677.2,413.5,2051.2,212.1,642.9,848.8,34.4,372.6,835.8,165.2,1496,,462886,88.3,15668.7,66706.7,3209.9,3847.8,1390.6,4324.9,1646,1222.5,779.9,5633.3,5867.2,844.9,2257.1,1869.8,3336.8,3832.8,1768.4,2325.4,1063.2,1774.6,2887.8,1814.9,614,607.6,2907.6,3523.6,606.2,283,504.3,23.25,15.8,18.39,272.72,58.37,19.77,15.52,18.76,313.78,57.92,0.12,0.34,0.5,0.12,0.27,0.29,0.25,0.49,0.43,0.28,0.37,0.24,0.31,0.66,0.2,0.37,0.33,0.37,89.6,70.2,79.3,67.3
Apr-10,327.8,771.2,701.1,1416.9,356.5,442.4,206.6,60.8,598.6,866.6,955.5,480.1,1898.2,198.7,335.9,349.4,413.7,1494.5,1672.9,549.9,638.9,763.8,2261.5,182.6,1674.3,1013.2,2700.4,3567.6,401.3,1627.3,199.9,574.5,715.9,31,209.4,698.7,156.1,1569.3,,473106,88.2,10895.2,58648.8,2813.9,3663,1473.5,4394,1451.6,1124.1,766.5,5274.4,4724.9,746.7,2466.9,1410.5,2381.1,3517.5,1386.7,1972.7,957.2,1638.7,2503.9,1363.5,583.3,577.2,2878.8,3757.9,530.4,236.3,475.2,21.65,15.16,17.18,278.2,59.29,19.64,15.54,18.18,323.94,58.84,-0.03,-0.09,-0.31,-0.04,-0.07,-0.18,-0.17,-0.24,-0.01,-0.22,-0.22,-0.21,-0.22,-0.23,0.03,-0.33,0.06,-0.21,88.6,73.7,77.8,70.1
May-10,308.9,733.4,696.6,1399.5,351.3,453.6,216.3,63.1,585,882.2,912.7,385.1,1739.1,180.7,323.6,367.9,412,1403.2,1576.6,531.9,636.6,736.1,2287.2,171.9,1661.7,1069.8,2678.8,3718.1,373,1684.3,180.3,541.7,724.9,36.1,261.9,795,150.1,1435.9,,474141,88.5,10508.2,55403.2,2771.4,3690.6,1571.8,4411.1,1461.1,1030.3,885.9,5463.1,4810.5,736.9,1712.1,1399.7,2360.6,3387.1,1362.7,1959.8,1001.7,1733.9,2628.8,1843.4,584.6,582.8,2735.5,3605.7,535.2,236.5,470.5,21.73,15.06,17.31,278.03,59.59,18.69,14.79,17.65,319.25,59.13,-0.05,0.03,-0.07,-0.43,-0.31,0.03,-0.11,0.13,0.23,-0.06,-0.03,-0.06,-0.02,-0.26,-0.05,0.06,-0.1,0.02,91.3,75.9,77.1,72
Jun-10,314.7,787.2,708.9,1524,374.7,481,234.7,64.4,662.9,942.8,1006.6,361.7,1896.2,202.8,349.3,392.6,459.7,1548.8,1765,593.6,663.9,805.5,2534,200.1,1871.5,1159.2,3126.2,4141.8,429.9,2368.8,207.8,564,774.7,33.7,291.6,800.2,133.9,1417.7,,474420,88.8,11481.6,61199.6,2975.2,3925.8,1623.5,4369.7,1591.9,1144.7,827.9,5526.6,5571.7,796.5,2121.7,1682.4,2637,3664.4,1400,2005,1162.1,1824.1,2856.3,2040.7,605.6,589.7,3017.9,3095.7,589.9,263.4,482.7,23.69,17.04,19.05,290.36,59.27,19.87,16.71,19.53,330.33,58.73,0.01,-0.06,0.22,0.13,0.07,0.13,0.11,0.24,-0.25,0.15,0.24,0.11,0.17,0.22,0.03,0.5,0.03,0.09,92.5,77.8,75.2,72.6
Jul-10,298.6,701.7,804.6,1302.4,369.8,484.1,289.7,72.5,633.4,936.3,935.8,422,2021.5,174.1,339,342,443.8,1599.3,1735.7,578.2,675.7,747.3,2455,302.6,1640.9,1164.7,2891.6,3583,296,1673.3,166.8,570.9,763.8,35.9,208.6,741.8,139,1430,,476712,89,10528.9,61199.9,3029.6,3963,1747.5,4698,1458.2,1045.9,735.7,5355.6,4981,855.4,2237.5,1472.9,2336.4,3443.1,1268.7,1732.8,1097.2,1838.7,2691.6,2317.9,597.4,588.2,2905.7,3095.1,567.4,236.5,497.1,23.63,17.5,19.74,301.59,59.19,19.2,16.59,19.52,335.16,58.37,-0.06,-0.11,-0.13,-0.19,-0.01,-0.07,-0.01,-0.01,0.42,-0.09,-0.22,-0.03,0.04,0,0.21,-0.2,0.06,-0.03,90.1,79.2,79.2,75
Aug-10,281.2,708,822.3,1396.5,329.5,446.7,268.6,69.3,625.9,892.5,913.6,386.9,1867.9,158.5,298.5,335.7,398.3,1597.9,1672,540,635.2,721.1,2393.9,168.3,1646.7,1104.8,2704.3,2757.4,285.3,1462,164.6,588.6,688.8,34,242.3,716.7,140.1,1425.6,,491623,89.3,8461.8,58357.7,2777.3,3822.7,1666.1,4630.1,1381.4,1048.7,818.6,5380,4856.5,727.2,1926.2,1344.4,2452.7,3294.5,1401.1,1809.8,1097.6,1756.4,2613.3,2251.5,590,583.2,2774.5,3352.3,506.4,229.7,456.7,22.63,17.33,20,302.23,59.22,18.48,16.55,19.04,335.26,58.3,0.02,-0.01,-0.14,0.04,-0.18,-0.04,-0.08,-0.35,-0.17,-0.1,-0.05,-0.04,-0.14,-0.29,0,-0.34,0.02,-0.2,88.4,74.8,79.8,72.7
Sep-10,324.3,762,889.6,1550.6,309.8,495.7,285.4,72.4,637.2,973.7,1027.6,394.5,2049,184.8,315,362,443.1,1614.9,1766.1,592.1,659.6,893.1,2593.7,175.5,1806.6,1201.9,3254.1,4485.9,337.3,1858.8,185.2,643.8,756.5,29.2,272.5,755.1,146.6,1426.3,,491845,89.5,14209.3,62225.2,3105.3,3963.1,1672.8,4560.3,1796.4,1234,814.8,5471.9,5780.4,771.5,2167.7,1686.6,2695.1,3574.3,1702.5,2007.6,1173.4,1803.3,2728.1,2097,623.5,600.5,3020.9,4294.2,569.7,252.5,469.8,24.87,17.67,21.35,299.6,59.03,20.22,16.66,20.09,331.34,58.36,0.18,0.17,0.33,0.12,0.17,0.08,0.18,0.21,-0.17,0.23,0.27,0.13,0.09,0.23,0.06,0.31,-0.16,0.13,87.2,78.8,80,69.9
Oct-10,310.8,790.7,876.9,1517.5,280.4,449.4,295,72.8,600.7,953.3,1118.3,421.6,1822.4,168.3,288.2,363.3,404.3,1605.6,1795.7,599.1,627.2,814.3,2522.6,178.8,1715.5,1183.3,3232.7,4065.1,330.4,2082.3,171.7,621.8,760.8,36.4,230,775.7,133.1,1453.7,,496920,89.7,10197.2,61432.4,3046.5,3883,1565.6,4552,1787.5,1103.3,859.9,5553.6,5493,787.4,2309.5,1556.8,2554.9,3453.3,1299.8,2071.9,1184.6,1761.3,2598.3,1795.7,606.6,602.6,2960.9,4205.3,633.3,244.1,473.5,23.64,16.1,20.17,293.09,59.09,18.37,14.97,18.98,320.72,58.35,-0.02,-0.23,-0.12,0.33,0.09,-0.06,-0.01,-0.11,0.24,-0.1,-0.2,-0.09,-0.02,-0.01,0.23,-0.23,0.01,-0.07,89.2,84.8,85.2,74.8
Nov-10,331.3,737.5,943.3,1568.5,304.4,496.1,298.8,84,622.4,991.9,1062.7,430.8,2042.2,159,282.2,381.7,452.9,1385.1,1866,632.3,592.9,859.1,2645.2,202.4,1771,1276.8,3214.4,4419.7,337.9,2240.9,225.5,647.6,789.7,29.5,246.8,845.2,138,1503.3,,495160,89.6,10372.2,66086.8,3032,3709.3,1351,4191.9,1771.4,1222.1,975.7,5773.4,5660.4,693.5,2245.8,1629.3,2619,3469,1461.8,2214,1217,1761.5,2659.4,1297.4,599.9,595.3,3161.6,3503.5,693.3,262.9,465.7,24.76,16.04,20.11,276.49,58.45,19.19,14.96,19.04,306.84,57.76,-0.02,0.14,0.11,0.32,0.02,-0.02,0.12,-0.02,-0.51,0.08,-0.06,0.08,-0.06,-0.27,-0.14,0.02,-0.18,0.15,92.7,91.2,94.2,92.7
Dec-10,263.8,843.8,960.7,1492.9,300.8,383.6,277.5,76,415,870.9,965.8,376.9,1876.1,139.7,204.9,331.2,373.6,1166.9,1370.4,456.1,304.8,775,2090.7,304.5,1889.4,1129.9,2891.8,3835.2,483,2784.3,196,560.5,677.1,38.3,314.1,857.9,144.5,1245.8,,511554,89,9119.1,70249.5,2843.6,3432.5,1347.8,4619.7,1616.4,1365.2,845.3,5698,6817.8,721.1,2208.9,1593.1,2601.3,3538.8,1316.4,2160.6,1179.2,1636.1,2595.2,1306.5,611.1,600.6,2985.1,2908.8,660.8,228.3,494.8,21.77,12.58,16.06,239.35,57.97,16.22,11.14,14.23,260.27,57.07,0.26,0.02,-0.23,0.03,-0.35,-0.08,0.08,-0.26,0.18,-0.06,0.15,0.01,-0.08,0.03,-0.23,0.27,-0.13,-0.1,101.2,110.9,105.5,112.9
Jan-11,300.1,698,760.1,1298.7,234.2,409.5,222.2,72.8,505.7,839.9,847.8,431,2212.5,164.2,292.5,306.6,498.3,1458.6,1665.1,503.1,482,705.1,2175.4,152,1579.4,1043.5,2718,3997,266.9,1362.1,153.7,560.4,647.1,26.4,226.9,627.5,204.7,1434,,515850,89.7,9388,62649.1,2603.6,3386.7,1147.9,3805.6,1423.5,1023,835,5367,4530,756.4,1893.6,1894.6,2352.4,3084,1296.9,1856,1164.9,1678,2644.8,1402.6,557.2,587.2,2722.4,3132.3,646.1,262.3,462.4,22.56,13.97,18.96,258.13,59.12,16.82,13.07,19.18,279.87,58.28,-0.32,0.02,-0.07,0.05,0.18,-0.18,-0.23,0,-0.44,-0.11,-0.14,-0.15,-0.12,0.09,0.14,-0.04,0.02,-0.15,84.3,70.7,80.3,68.1
Feb-11,301.7,703.3,773.1,1357.6,247.7,442,206.5,77.3,551,821.5,844.9,473.6,2305.9,169.4,329.1,292.5,482.7,1238.9,1704.2,523.6,574.2,736.4,2228.5,186.6,1618.7,1033.6,2889.8,4320.8,273.8,1479.5,173.6,559.3,691.8,37.2,281.8,698.9,198.4,1321.7,,512093,90.1,8735.6,60976.8,2654.1,3413.4,1246.8,3876.9,1456.5,1107.2,896.8,5424.6,4921.8,641.2,1930.9,1790.9,2470.8,3246.4,1314.7,2057.5,1156.2,1699.1,2684.3,1499.9,533.4,571.3,2487.6,2953.1,597.7,269.6,456.6,23.72,15.49,21.02,275.79,58.85,18.25,14.87,21.75,301.55,57.85,-0.05,-0.17,0.08,-0.2,-0.06,0.08,0,-0.03,0.04,-0.03,-0.02,0.01,0,-0.18,-0.18,-0.14,0.1,0.06,87.9,66.1,74.9,71.1
Mar-11,394.5,830.4,882.9,1684.3,318.4,522.5,270.1,88.9,670.2,952.1,1065.2,525.3,2595.6,203.7,387.5,362.5,527.3,1473.8,1973.2,644.2,694.7,747.9,2681.4,283.4,2002.8,1242.1,3454.2,5295,367.9,1770.5,212.6,677.6,872,37.7,398.9,907.2,233.5,1703.1,,513359,90.6,15961.3,73692.8,3128.2,3912.3,1436.6,4343.9,1817.2,1413.6,849.2,5700.9,6293.3,751.3,2427.6,2113,2957.3,3935.3,1531.8,2462.4,1408.1,1899.9,3090.5,1613.5,617.1,629.8,2833.8,2969.5,751.1,314.1,496.5,25.39,16.95,23.06,277,59.25,20.2,16.27,22.84,310.58,58.39,0.11,0.23,0.5,0.14,0.17,0.28,0.25,0.41,0.32,0.12,0.33,0.28,0.32,0.71,0.34,0.37,0.19,0.32,90.1,71.5,73.1,74.2
Apr-11,303.9,815.5,815.5,1420.8,344.7,458.9,231.4,82.2,598.7,825.7,895.6,443.7,2789.3,188.7,324.7,368.4,479.9,1247.8,1674,538.5,580.2,641.8,2315,161,1615.2,951.8,2879.4,3821.1,359.7,1411.7,175.7,598.8,722.2,36.3,248.1,755.6,206.4,1501.8,,530365,89.7,10601.1,64169.7,2884.3,3585.1,1529.3,4416.4,1610.1,1128.7,816.3,5190.9,4673.1,739.9,2301.6,1565,2498.4,3411,1296.7,2188.1,1195.5,1726,2758.5,1705.3,559.8,587.2,2430.7,2813.7,610.6,253.9,461.1,23.08,15.56,22.06,281.48,60.02,18.31,14.81,20.51,314.18,59.07,-0.04,-0.12,-0.39,-0.17,-0.08,-0.19,-0.18,-0.23,0.15,-0.34,-0.24,-0.25,-0.17,-0.41,-0.32,-0.38,-0.01,-0.28,95.9,83.1,73,77.4
May-11,324.2,831.9,830.8,1456.6,358.9,461,249.6,85.4,648.9,903.4,892.4,418.3,2635.9,188,329,365,491.1,1384.4,1813.9,605.2,602.3,706.6,2556.2,206.5,1602.4,1032.9,3232.9,4235.8,413,1455.9,187.1,644.1,789.5,39.7,275.8,822.8,222.1,1678.6,,529837,90.5,11184.6,65418.4,3083,3899.7,1711.7,4439.2,1651.6,1174.5,991.9,5537.9,5240.6,835.7,1878.5,1692.1,2662.5,3439.3,1316.3,2448.7,1212.3,1749.9,2907.2,2060,585.2,633.2,2687.8,2766.1,619.3,276.5,470.9,23.81,16.35,23.38,281.71,59.9,19.08,15.59,21.24,313.29,59.02,0.03,-0.25,0.13,-0.08,0,0.07,0.01,0.29,-0.04,0.08,0.03,0.14,0.12,-0.14,0.23,0.04,0.09,0.1,92.8,78,73.9,77.7
Jun-11,353.9,833.8,878.5,1492.7,357.4,485.6,294,90.2,697.4,931.2,1001.2,459,2573.1,208.6,323.6,403.3,542.4,1436.5,1910.9,619,627.8,701.4,2698.8,251.6,2006,1105.2,3555.3,4458,406,1697.9,205,601,812.6,37.7,392.2,859.8,225.3,1675.9,,530412,90.4,11442.5,65203.9,3178.4,4032.3,1845.3,4591.1,1743.9,1226.8,977,5389.3,5695.3,742.4,2250.9,1932.8,3035.4,3813.8,1432,2330.5,1282.3,1864.2,3147.7,2279.4,579.3,637,2877.3,2832.2,665.8,294.4,492.8,25.12,17.93,25.04,293.85,59.45,19.64,17.1,23.39,326.19,58.24,-0.05,0.11,0.19,0.01,0.16,0.08,0.08,0.21,-0.08,0.16,0.25,0.08,0.07,0.19,0,0.5,0.07,0.05,93.6,81.2,73,77.3
Jul-11,310.7,786.6,833.5,1241.9,356.9,424.6,307.5,88.1,651.4,910.8,937.5,441.6,2482.8,191.5,326.8,521.1,484.2,1332.1,1792.7,592.4,612.5,646.2,2470.5,167,1541.8,1026.5,3082.1,4012.2,381.3,1248.2,136,555.8,763.8,40.1,228.9,772.2,225.8,1592.6,,535871,90.6,10147.2,62357.9,3141.6,3929.4,1951.7,4818.2,1529,998.4,826.7,5320.6,4975.4,785.2,2283.7,1740.6,3256.4,3572.7,1291.4,2194,1312,1873.4,3102.8,2560.5,579.7,643.2,2734.3,2873.9,569.2,299.3,491.3,23.81,17.58,25.07,296.5,59.5,18.56,16.59,22.77,327.8,58.25,-0.07,-0.16,-0.22,-0.24,-0.14,-0.1,-0.05,-0.06,0.27,-0.15,-0.2,-0.16,-0.06,-0.09,0.05,-0.25,0.1,-0.11,94,82.5,75.5,78.3
Aug-11,353.6,834.2,875.4,1392.3,367.3,449,285.1,80.6,617.5,931.1,959.3,433.1,2523.2,175.4,330.8,579.4,490.8,1497.9,1832.6,618.1,623.7,633.9,2501.6,170,1597.9,1088.9,3069.7,3433.1,388.6,1466.2,136.8,609.7,786.1,41.6,266.3,781.7,225.9,1617.4,,548184,90.2,8809,63305.6,3069.1,4059.8,1874.7,4808.5,1566.2,1123.9,941.3,5598.3,4959.2,738.8,2068.8,1675.9,3199.4,3565.7,1280.2,2199.9,1259.6,1884.6,3011.9,2423.3,574.5,637.8,2752.4,3254.8,502.7,259.7,480,23.82,17.82,25.04,293.29,59.38,18.83,17.06,22.86,328.67,58.01,0.1,-0.02,0.02,0.24,-0.04,-0.02,0.03,-0.24,-0.28,-0.07,-0.07,-0.02,0,-0.17,-0.24,-0.25,-0.01,-0.1,92.8,77.2,74.1,75.8
Sep-11,370.3,855.7,892,1495.9,328.4,494.5,314.8,90.7,646.9,970.1,1042.7,436.8,2603.3,187.9,347.9,578.8,489.9,1372.3,1937.5,639.7,612,708.8,2722.6,228.8,1692.7,1144.3,3704.1,5344.2,362.8,1785.6,200.3,664,835.7,42.3,339.3,816.5,223.5,1610.1,,552375,90.3,14545.6,67690.9,3190,4129.1,1798.5,4604.8,1805.3,1583.9,917.6,5798.7,5831.3,825.8,2288.5,1936.2,3583.2,3811.4,1446.8,2525.6,1395.1,1918.4,3272.2,2319.2,579.7,641.1,3011.5,3840,603.3,297.2,480.6,25.47,17.98,26.25,296.42,59.15,21.14,17.36,24.18,326.88,58.06,0.12,0.29,0.19,0.03,0.13,0.08,0.11,0.16,-0.07,0.16,0.25,0.16,0.08,0.22,0.26,0.22,-0.1,0.18,91.7,81.5,77,74.9
Oct-11,354.9,829.7,904,1358.2,308.8,463.2,289.5,92.9,594.7,940.2,1079.4,399.4,2211.8,170.7,339,568.1,466.8,1331.4,1861.7,624.9,616.5,644.7,2469.2,241.8,1652.1,1075.6,3213.8,4675.3,377.9,1605.7,132.8,636.8,783.5,40.1,246.8,794.1,221.7,1587.3,,546501,89.8,10338.1,70852.1,3094.7,3856.5,1731.9,4587.3,1775.9,1289.8,1008.9,5617,5328.9,797.5,2356.6,1819.3,3452.5,3685.2,1268.2,2386.6,1403.8,1893.2,3048.3,1755.2,568.2,713.9,3122.9,4315.4,686.5,271.7,456.2,23.68,16.02,23.72,284.12,59.19,20.04,15.96,22.91,320.06,57.95,-0.02,-0.02,-0.15,-0.17,-0.26,-0.09,-0.07,-0.12,-0.09,-0.03,-0.16,-0.06,-0.05,-0.01,-0.18,-0.19,0.07,-0.09,93.3,86.8,83.3,81.2
Nov-11,336.5,869.7,949.1,1428.3,328.1,507.1,273.6,100.1,624,974.4,1041.1,367.5,2376.8,161.4,325.4,560.8,470.8,1338,1920.1,642.8,599.4,674.8,2508,279.7,1791.1,1160.3,3327.8,5053.7,433.2,1976.3,165.8,656.8,921.2,45,290.8,822.1,222.4,1556.8,,551221,90.7,9890,70946.5,3197,3891.3,1465.7,4390.5,1900,1285.9,1139.5,5897.8,5673.1,740.5,2163.1,2007.5,3667.1,3932.8,1362.6,2641.4,1484.9,1852.7,3161.1,1322.1,548.6,701.4,3147.3,3455.4,674.9,280.4,474.3,25.13,16.33,24.14,273.8,58.78,20.95,16.17,23.88,310.88,57.64,-0.03,0,0.1,0.14,-0.05,0.06,0.1,-0.03,-0.34,0.06,-0.07,0.05,-0.06,-0.18,-0.08,0.02,-0.14,0.02,96.3,94.5,94.7,93.5
Dec-11,255.1,856.2,997.4,1370.1,339.3,396.5,242,87.2,450.5,871.7,900.3,383.9,2088.6,143.7,254.2,503.9,383.2,1180.9,1447.8,461.9,398,540.6,2171.1,329.2,1776.1,999.2,3076.2,4292.8,376.5,1961.7,153.4,542.2,756.7,39.9,370.6,882,204.4,1602.2,,566354,90.9,8157.9,68513.4,2937,3760.3,1452.9,5072.1,1631.2,1532.2,982.5,5694.5,5854.5,799.7,2187.1,1905.4,3386.8,3860.1,1446.4,2481.6,1431.2,1705.4,2991.6,1345.5,545.3,687.7,2996.1,2862.2,667.7,312.3,519,21.4,12.96,21.03,256.65,59.16,17.55,12.75,19.89,291.9,58.1,0.29,0.05,-0.2,0.02,-0.32,-0.13,0.05,-0.28,0.28,-0.07,0.17,-0.1,-0.1,-0.04,-0.29,0.27,-0.09,-0.11,108.9,123.4,106.9,118.9
Jan-12,255.9,758.9,764.9,1232,243.8,438.2,243.9,75.7,505.3,901.2,816.1,401.5,1800.5,177.4,285.9,469.2,460.7,1497.4,1723.4,489.4,428.9,699.9,2336.7,155.4,1472.4,1085.9,2903.7,4651.3,324.4,1325.5,155.6,516.2,722.3,27,266.1,630.4,202.2,1593.8,,552403,91.1,9687,64616.6,2795.1,3798.2,1189.6,4053,1479.2,1033.4,856.3,5480.2,4900.4,802,2185.9,1913.3,3423.4,3725.3,1383.7,1970.4,1025.5,1917.2,2677.8,1616.9,574.2,721.6,2798.1,3153.1,581.3,275.7,448.9,22.07,13.96,22.89,247,59.3,18.29,13.72,21.26,285.4,58.54,-0.36,-0.11,-0.05,-0.17,0.13,-0.17,-0.22,-0.06,-0.57,-0.11,-0.19,-0.06,-0.14,0.07,0.12,-0.07,-0.03,-0.07,87.6,71.8,80.2,68.8
Feb-12,331,769.6,818.1,1273.4,261.3,471.5,222.9,79.9,546.9,889.5,898,440.8,1846.3,203.4,287.3,491.5,467.6,1397.1,1842.6,519.3,474.7,742.2,2429.9,181.5,1570.1,1166.4,3033.1,4967.4,321,1783.6,159.3,560.8,706.2,28,308.9,693.9,126.3,1583,,462078,90.9,8893.3,66575.1,2824.5,3712,1249.3,4131.6,1500.8,1101.8,987.7,5448.3,5441.3,698.7,1974.2,1731.7,3454,3846.6,1465.9,2096.3,1135,1992.6,2806.8,1787.9,579.3,656.1,2930.8,2745.9,559.8,270.7,454.2,23.54,15.48,24.89,260.24,58.83,19.09,15,23.11,296.7,58.29,-0.05,-0.02,0.11,0.3,0.09,0.06,0.16,0.03,0.11,-0.08,-0.12,0,0.02,-0.17,-0.3,-0.21,-0.06,0.06,92.7,68.2,74.3,70.5
Mar-12,436.4,861.7,889.9,1439.3,326.5,513.5,247.9,78.3,627.1,975.1,992.4,558.1,2001.9,243.4,354.8,580.9,515.1,1413.6,2020.4,575.8,583.7,779.3,2712,341,1939.6,1311.9,3630.9,5783.5,434.5,1796.1,298.6,620.9,819.8,38.3,393.2,862.5,140.3,1831.9,,,91.2,16298.7,74913.1,3225,4078.3,1466.1,4758.1,1722,1364.5,944.1,5569.8,6759.1,870.6,2418.9,1870.3,3970.4,4223.9,1498.5,2384.8,1162.5,2304.3,3217.1,1934.6,608.2,691.3,3276.4,2902.2,696.2,335.4,516.4,24.31,16.55,26.21,277.15,59.29,20.35,16.09,23.43,315.39,58.49,0.1,0.14,0.38,-0.09,0.21,0.19,0.15,0.37,0.46,0.18,0.3,0.21,0.27,0.7,0.01,0.45,0.24,0.21,94.2,78.8,75,77.9
Apr-12,328,792.4,833.9,1279,337.2,452.5,242,67.3,572.9,904.5,813.8,462.1,1859.8,221.4,297.2,520.1,436,1140.3,1775.5,488,481.4,658.3,2436.5,182.9,1629.9,1127.5,3050.8,3838.6,375.2,1521.3,165.4,531.3,678.3,32,190.3,676.7,143.1,1576.4,,,90.8,10131.1,64895.8,2822.7,3898.3,1578.6,4445.1,1523,1364.6,907.5,5021.8,5101.3,781.4,2459.1,1499.8,3373.5,3846.7,1468.8,2173.4,1138.1,2074.8,2830.5,1798.3,604,658.8,2993.7,2761,633.2,249.1,447.6,22.81,15.44,24.43,271.24,59.54,18.63,14.68,21.57,301.7,58.36,-0.07,-0.22,-0.38,-0.07,-0.19,-0.22,-0.29,-0.21,-0.31,-0.28,-0.24,-0.28,-0.19,-0.39,-0.25,-0.35,0.03,-0.31,95.7,79,78.2,75.4
May-12,380.3,885.9,940.4,1401.3,362.3,517.2,240.4,86.2,617.3,959.7,886.8,438.3,916,223.1,319.8,579.5,475.5,1182.8,2061.5,567,587.8,717,2720.1,247.5,1709.9,1245.6,3386.5,5017.2,361,1866.6,188.8,587.2,777.7,33.1,273.2,765.1,150.9,1630.3,,,91.9,11060.3,66484.1,3115.6,4264.4,1696.6,4739.2,1567.8,1233.6,1033.2,5306,5584,798.2,1967.6,1712.1,3567.8,4032.6,1484.5,2222.3,1114.9,2227.4,3123.4,2231.9,615.3,695.8,3263.3,2907.6,659.2,275.5,476.6,24.52,16.9,26.44,279.95,59.67,20.32,16.51,23.82,317.72,58.42,-0.04,-0.04,0.27,0.1,0.07,0.08,0.18,0.33,0.24,0.07,0,0.05,0.13,-0.16,-0.08,0.13,-0.01,0.12,96.7,81.3,77.3,77.9
Jun-12,333.8,856,887.8,1282.2,366.6,448.8,251.7,70.9,546.7,863.3,827.6,443.5,863.9,178.4,291.5,560.6,439.2,1290.1,1824.1,504.4,492.4,668,2495.7,249.8,1777.2,1182.8,3940.5,4390.3,476.1,2057,194.9,538.4,725.3,65.1,306.4,806.9,141,1514.5,,,90.5,11024.8,57637.6,2929.5,4175,1806.4,4728.5,1584.1,1250.9,854.4,5284.7,5819.2,828.4,2026.1,1796,3550.5,3889.5,1361.2,2045,1204.4,2266.3,3060.3,2556.3,631.4,668.9,3271.9,3385,728,308,461.5,23.29,16.37,25.37,281.57,59.55,19.89,16.02,22.46,318.92,58.36,-0.13,-0.14,-0.18,-0.04,-0.21,-0.07,-0.16,-0.08,0.13,-0.01,0.15,-0.04,-0.08,0.01,-0.01,0.36,-0.19,-0.07,97,84.1,75.6,80.4
Jul-12,346.8,867.1,884.4,1319.9,345.9,460.9,277,69.8,607.3,924.1,841.9,431.1,819.4,171.8,302.4,534.1,461.6,1276,1917.6,541.9,553.9,646.3,2700.1,325.3,1633.2,1200.9,3329.5,4618.9,458.2,1529.9,162.9,568,715.1,64.1,263.2,767.8,157.6,1553,,,92.2,10950.5,63567.6,3094.2,4284.6,1914.7,4881.8,1515.3,1023.7,814.9,5088.7,5309.2,891.4,2253.1,1683.6,3571.2,3778.5,1468.7,2212.6,1322.9,2334.3,3254.4,2779,665.2,688,3188.5,3650.2,779.2,285,458.5,24.45,17.6,26.43,290.92,59.31,20.24,17.06,23.92,329.36,57.86,-0.04,-0.08,0.02,0.14,0.2,0.03,0.01,0.15,0.05,0.04,-0.15,0,0.07,0.19,0.18,-0.4,0.1,0.05,96.4,86.4,78,79.7
Aug-12,350.4,913.6,833.5,1373.4,370.1,449.7,295.1,81,624.1,909.6,847,435.4,822.1,160.7,302.3,558.2,442.4,1319.1,1788.5,536.4,563.6,604.4,2543.5,194.7,1590.1,1247.2,3040.4,3080.1,342.2,1640.2,150.8,558.5,715.4,59.1,275.4,826,158.1,1519.5,,,92.7,8964.3,67357.5,3086.9,4310.8,1968.5,5097.6,1526.5,1166.8,913.8,5220.4,5290.7,804.1,2020.8,1578.3,3361.1,3972.4,1514.3,2028.1,1270.9,2273.8,3247.7,2802,608.8,670.9,3178.9,3997.4,697.2,280.4,484,23.61,17.37,25.18,293.4,59.29,20.2,17.18,23.47,334.91,57.71,0.06,0,-0.06,-0.05,-0.2,-0.04,0.01,-0.23,0.1,-0.07,-0.11,-0.05,-0.05,-0.13,-0.28,-0.19,0.01,0.01,95.6,79.5,75.7,78.8
Sep-12,337.8,840.1,869.8,1380,307.3,450.5,297.5,71.5,558.9,864.5,886.5,386.5,758.4,160.4,285.5,550.8,452.4,1249.9,1816.1,519.9,515.1,602.5,2529.7,277.8,1728.2,1222.1,3161.3,4743.7,411.4,1841.7,176.4,561,717.4,60.4,312.7,788.1,131.4,1456.2,,,91.8,15223.2,65753.5,3002.4,4157.1,1797.5,4654.7,1712.6,1409,906.1,5196.9,5846.1,845.9,2063,1746.7,3587.5,4017.8,1525.8,2158.3,1275,2205.8,3277.5,2757.3,681.5,634.6,3240.3,5130.4,718.1,267.7,459.9,24.45,16.98,26.61,293.32,59.03,20.73,16.61,23.38,330.06,57.38,0.07,-0.02,0.02,-0.01,-0.12,-0.01,-0.02,0.06,-0.12,0.09,0.19,0.01,0.03,0.09,0.3,0.14,-0.04,-0.06,94.2,86.3,78.3,77.1
Oct-12,361.1,900.8,961.4,1508,345.8,511.7,308.1,89,651.9,958.8,974.2,433,833.5,166.6,309.6,594,503.6,1290.7,1933.1,575.8,589.9,663.8,2768.1,272.4,1861.8,1303.3,3208.6,4643.7,355,1920.3,181.3,643.6,773.1,66.7,297.8,791.9,150.8,1497.5,,,92.1,11444.5,74295.7,3284.5,4428.5,1671.5,4786.6,1901.3,1416.7,955.7,5267,5863.5,990.4,2530.2,1855.5,3638.6,3981,1520.3,2342.8,1437.2,2330.9,3544.1,2212,653.2,652,3683.2,5589.5,806.2,259.9,467.6,25.68,16.88,26.39,283.95,58.75,21.28,16.16,23.37,316.92,56.99,0.1,-0.15,0.16,0.26,0.27,0.09,0.18,0.15,-0.21,0.08,-0.07,0.11,0.09,0.15,-0.16,0,-0.02,0.15,95.1,88.5,83.3,83.8
Nov-12,346.1,910.6,946.8,1442.5,324.8,502.9,281.5,92,612.1,957.9,908.1,395.8,830.9,176.7,277.1,579.6,519.3,1232.5,1977.6,567.8,548.5,627.7,2605.5,263,1849.9,1203.5,3505.2,4987.4,381.2,2280.1,177.1,600.8,762.2,64.6,305.7,801.3,142.4,1617.1,,,92.2,10831,74314.7,3086.4,4184.5,1442.2,4559.6,1789.2,1531.5,1091,5370.9,5792.2,795.2,2281.5,1900.3,3590.4,4183.4,1475.2,2398.9,1353.4,2188.8,3365.6,1578.4,618.3,659.4,3470,4356.1,760.2,291.6,464.7,25.82,16.56,26.41,277.44,58.34,20.76,15.94,23.77,312.98,56.72,-0.11,0.09,-0.05,0.02,0.03,-0.05,0.08,-0.25,-0.15,0.06,-0.09,-0.09,-0.17,-0.35,-0.04,0.01,-0.08,-0.14,99,93.9,99.2,94.9
Dec-12,246.9,852,899.5,1328.8,301,378,241.1,64.5,429.9,777.3,732.4,381.6,640.8,160.9,208.2,516.6,392,1085.4,1426.1,387.2,336.5,472.3,2003.5,343,1781.3,1058.8,2992.1,4047.1,547.4,2070.5,151.1,435.8,672,64,353.2,821.2,130,1393.3,,,92,8932.4,71701,2849.1,3894.5,1456.6,4886.7,1536.3,1538,917.2,5034.1,5999.2,979.3,2257.8,1728.1,3600,4013.5,1385.6,2235,1271.7,2008.5,3212,1605.9,591.4,617.1,3398.6,3519.2,708.1,290.3,488.8,21,12.49,21.75,255.4,58.98,17.26,12.18,19.41,289.86,57.39,0.28,0.02,-0.28,0.13,-0.37,-0.14,-0.12,-0.31,0.19,-0.2,0.06,-0.12,-0.13,-0.03,0.03,0.25,-0.13,-0.09,110.6,124.8,113.3,118.5
Jan-13,316.5,759.5,792.3,1317.6,244.5,457.1,213,77.4,499.5,894.8,827.4,398.8,789.3,198.1,265.7,443.4,428.6,1274,1685.4,479,337.6,586.5,2298.8,164.3,1400.5,1065.7,2449.5,4835.2,306.5,1526.5,171,456.9,723.5,101.1,250.8,677.9,135.1,1602.7,,,92.3,10787.2,72420.6,2856.8,4039.6,1226.2,3944.2,1456,1150.5,924.8,5171.9,5252.8,941.3,2471,1942.7,3475.2,3781.2,1444,1982.4,1048.4,2065.4,3123.3,1670.6,551.7,559.9,3082.8,3743.8,562.2,262.8,479,23.25,14.1,23.31,236.7,58.96,18.72,13.75,22.85,270.2,57.5,-0.34,-0.07,0.08,0.15,0.16,-0.12,-0.08,-0.02,-0.47,0.02,-0.11,-0.03,-0.05,0.12,-0.02,-0.08,-0.06,-0.02,90.1,73.9,81.9,66.7
Feb-13,415.1,718.5,725.6,1252,248.5,421.9,227,76.7,536.3,814.2,836.1,424.8,823.4,183.5,264.6,423.5,422.2,1151.8,1717.3,473.1,436.5,612.1,2296.8,180.4,1339.8,1100.6,2635.6,5034.2,329.8,1797,183.5,471.4,741.6,84.5,296.9,721.2,136,1576.8,,,93,9949.3,69137.5,2870.7,3872.9,1326.8,4104.5,1490.2,1245.9,1032.6,5205.6,5338.4,830.6,2292.2,1793,3635.6,3768.5,1551.9,2045.7,1036.8,1910.8,3172.7,1765.9,532.6,538.4,3076.7,3277.4,595.9,254.7,460.4,24.53,15.83,26.75,270.73,58.73,20.63,15.31,24.75,302.97,57.38,-0.11,-0.09,-0.03,-0.14,-0.03,0.03,0.02,-0.03,0.29,-0.13,-0.06,0.03,-0.06,-0.3,-0.08,-0.33,-0.06,0.09,94.4,71.8,78.5,74
Mar-13,462.9,815.1,817.5,1372.5,312.2,451.3,226.5,79.4,621.7,868.1,974.9,447.4,935.2,217.8,305.3,482.9,450.7,1265.8,1830.5,511.3,414.3,661.6,2491.8,422.2,1789.2,1210.1,3172.6,5636.3,470.2,1895.6,235.5,542.3,783.6,63.4,363.2,841.2,142.6,1526.7,,,93,16698.7,80559.2,3189,4195.3,1532.7,4518.5,1743,1571.9,1036,5607.8,6455.1,902.1,2543.7,1950.1,3885.1,4461.4,1589,2428.7,1171.2,2111.8,3454.3,2036.2,579.1,579.4,3452.3,3522.8,708.7,308.4,493.5,23.79,15.47,26.05,268.29,58.96,20.13,14.91,24.81,298.36,57.51,0.09,0.1,0.31,0.17,0.1,0.21,0.23,0.33,0.49,0.06,0.26,0.12,0.24,0.6,0.1,0.64,0.18,0.15,99,77.9,77,76.2
Apr-13,471.2,834.2,848.2,1304.3,316.7,440.9,213.1,79.7,596.8,908.3,873.4,470.3,851,219.1,290,469.1,444.5,1312.3,1799.4,517.8,476.3,646.5,2400.8,308.7,1539,1123.6,2877.6,4628.6,427.3,1974.8,186.3,530.5,756.5,84.5,313.5,743.4,140.8,1572.7,,,93.1,12307.6,70933.1,2902.2,4173.7,1628.8,4471.7,1658.3,1276.5,934.1,5182.9,5421.8,942.2,2767.5,1676.9,3917.2,4198.3,1608,2224.8,1155.2,2145.8,3448.9,1776.4,556.3,600.5,3320.2,3728.7,706,254.1,467.9,24.7,16.53,27.37,281.15,59.44,20.94,15.95,25.95,310.76,57.73,0.02,-0.14,-0.09,0.12,-0.09,-0.04,-0.11,-0.07,-0.22,-0.09,-0.22,-0.06,-0.01,-0.26,-0.12,-0.56,0.09,-0.03,94.7,80.3,77.6,77.7
May-13,478.4,916.9,914.3,1389.8,374.8,481.8,213.7,88.2,649.4,940.4,894.8,464.3,819.1,228.4,316.8,501.4,457.8,1283.9,1874.5,545.8,506.5,659.3,2395.7,224.6,1489.7,1202.2,2860.9,4944,383.1,2114.6,201.9,551.7,813.8,67.4,270,778.6,149.6,1668.8,,,93.4,12308.6,74967.2,3071.8,4386.1,1836.5,4780.1,1655.2,1302.2,1078.9,5628.5,5707.3,887.6,2219,1657.8,3893.8,4480.6,1617.8,2302.8,1078.6,2254.9,3586.1,2409.8,575.9,668,3412.4,3699.5,685.7,261.9,511.1,24.7,16.97,27.74,286.05,59.3,21.39,16.59,27.39,319.7,57.42,0.01,0.15,0.09,0.01,0,0.05,0.15,0.22,0.35,0.03,0,0.02,0.08,-0.26,-0.12,0.25,-0.03,0.08,100,84.9,79.2,80.7
Jun-13,518,824,822.6,1275.2,344.8,441.7,222.1,83.5,608.8,885.2,910.7,386.7,790.6,208.4,289.9,507.7,441.3,1262.7,1816.1,521.1,503.7,631.1,2417.1,279.4,1607.6,1195.8,3135.9,5093,431.6,2367.7,300.8,527.3,742.6,76.6,304,812.3,156.6,1658.7,,,93.4,12516.8,67795.4,3034.4,4299.4,1925.1,4559.6,1689.5,1390.6,914.2,5031.8,6029.4,888.7,2307,1809.6,3953,4429.3,1645.3,2323.7,1283.1,2308.6,3638.5,2616.1,573.4,638.3,3462.4,3635.3,770,317.6,481.8,25,17.27,28.43,291.62,59.58,22.37,16.87,26.84,329.23,57.88,-0.09,-0.19,-0.08,-0.07,-0.21,0,-0.19,0.03,-0.03,0.02,0.17,-0.05,-0.06,0.08,0.04,0.48,0.06,-0.08,100.3,89.8,77.9,82.4
Jul-13,485.1,969.6,870.5,1329.3,466.5,458.1,277.1,90,665.8,958,903.9,400.2,815.6,163.3,309.1,520.1,445.7,1296.3,1958.3,577.1,559.1,664.9,2518.3,273.8,1569.9,1150.5,3154.1,5354.7,397.3,1839,189.5,600.6,768.1,79.4,311.2,831.7,162.6,1681.6,,,93.9,12171.8,79586.1,3223.8,4638.6,2030.5,4885.8,1623.1,1249.9,902.1,5049.7,5406.6,976.5,2655.9,1712.8,3975,4489,1480.3,2197.6,1360.9,2458,3730.1,2940.1,638.4,616.9,3556.6,3935.5,757.5,264.9,494.4,31.24,21.45,36.93,332.92,59.16,24.75,18.38,27.73,344.99,57.43,0.03,0.31,0.07,-0.11,0.03,0.01,0.01,0.15,0.1,0.03,-0.17,0.03,0.17,0.09,0.2,-0.49,0.17,0.06,102.8,89.6,78.8,82.5
Aug-13,462.5,837.2,843,1340.6,370.7,444.8,271.5,83.2,601.8,881,900.2,394.3,807.3,160.7,295.6,510.2,423,1176.5,1746.3,569.6,537.9,583.5,2376.5,185.9,1358.8,1142.7,2733.7,3514.3,294,1791,184.2,600.1,728.7,71.7,301,766.8,162.5,1668.8,,,94.2,10117.5,73653,3017.1,4455.7,2044.6,4963.4,1532.6,1280.9,1023.6,4755.8,5337.7,905,2164.8,1559.2,3615.1,4451,1571.7,2264.4,1320.7,2417.6,3626.6,2922.5,604.7,663.1,3417.4,4523.5,580.6,242,480.6,25.77,18.82,31.3,309.06,59.03,21.77,17.56,28.09,340.71,57.35,0,-0.29,-0.17,0.11,-0.16,-0.09,-0.02,-0.34,0.18,0,-0.13,-0.13,-0.12,-0.28,-0.51,-0.1,0.04,-0.16,98.7,85.2,77.9,79
Sep-13,475.5,804.5,890.9,1405.9,315.2,459.7,258.2,92.6,630.5,916.8,978.8,348.9,803.4,149.1,289.2,526.8,489.2,1350.8,1827.8,578.1,541.7,633.9,2755.9,213.7,1572.6,1193.8,3048.4,5676.4,402.3,2167.1,217.7,641.9,788,69.8,350.1,863.3,157,1570.7,,,94.2,16700.6,78133.5,3054.5,4312.3,1834.1,4581,1867,1601.3,980.7,5030.6,6004.6,980,2293.3,1828.3,4112.5,4797.8,1544,2563.1,1436.9,2378.5,3895.8,2654,597.6,657.3,3644.6,5758.7,659,294.8,464.7,27.08,18.56,31.57,303.52,58.87,22.22,17.07,28.29,328.15,57.24,0.11,0.38,0.18,0.07,0.2,0.07,0,0.11,-0.33,0.12,0.21,0.09,0.12,0.16,0.32,0.16,-0.05,0.02,96.9,89.9,82,81.4
Oct-13,529.4,868.7,971.4,1536,329.6,511.6,273.9,100.4,651.6,1000.2,1038.3,395,853.7,201.1,302.9,546.6,463.1,1357.4,1975.1,690.6,572.3,697.2,2777.7,221.2,1557.2,1235,3229.7,5685,345.7,2202.5,219.2,715.5,834.3,73.7,338.6,831.5,164.2,1702.3,,,94.6,12761.8,80270.8,3270.5,4489,1812,4723.8,1941.5,1444.6,1023.8,5030.6,5849.6,1065.1,2725.5,1941.6,4064.9,4502.1,1703.5,2500.9,1539.7,2422,4130.3,2186.5,609.1,641.3,3805,6246.9,878.3,296,511.8,27.66,18.21,31.04,292.9,58.29,23.16,17.01,29.38,321.43,56.45,0.11,-0.08,0.14,0.1,0.04,0.02,0.16,0.08,-0.17,0.1,-0.13,0.03,0.03,0.13,-0.12,-0.12,-0.01,0.15,98.5,92.4,87.1,85.1
Nov-13,462.2,810.7,926.4,1450.9,317.1,481.5,272.5,95.5,585.6,957.3,948.9,368.1,830.5,168.9,278.6,517,428.7,1156.5,1859.3,657.1,531.7,610.8,2525.1,238.4,1521.3,1171.5,3014.5,5598.8,298,2130.5,183.3,669.1,813.8,74.2,327.1,789.4,156.8,1647,,,94.4,12135.5,80269.1,3132.3,4259.6,1570.9,4626.6,1818.8,1572.3,1179.1,5037.9,6225.3,907.3,2464.3,1793.8,4046.4,4536,1606.4,2677.1,1400.8,2331.8,4000.7,1623.3,594,665.8,3936.2,3955.1,694.1,299.6,487.1,26.26,16.92,29.48,279.21,58.21,21.98,15.98,27.1,310.71,56.64,-0.09,0.03,-0.13,0.27,-0.15,-0.04,0.03,-0.22,-0.06,-0.07,-0.05,-0.01,-0.15,-0.25,-0.34,0.01,-0.15,-0.12,102.3,102.8,98.5,99
Dec-13,347.8,854.4,936,1420.4,348.3,372.1,221.6,77.2,439.7,841.9,859.7,384.5,717.3,158,206.2,467.1,372.1,1147.5,1453.2,507.1,378.5,474.4,2121.6,349.2,1590.8,1025.7,2830.6,4216.2,399,2750.5,214.1,513.9,723.2,67.5,422.9,985,146.2,1494,,,94.1,10716.6,74311.7,2873.1,4110,1473,5104.5,1649.6,1787.6,990.7,5018.8,6600.8,1048.6,2327.4,1842.8,3769.8,4295.4,1714,2693.6,1363.6,2109.9,3870.4,1672.4,631,699.7,3967.4,3818.4,724.7,305.4,506.3,23.29,13.92,26.48,267.74,58.85,19.18,13.05,24.9,296.64,57.33,0.33,0,-0.19,-0.14,-0.23,-0.09,-0.07,-0.26,0.17,-0.06,0.15,-0.07,-0.08,0.08,-0.23,0.37,-0.08,-0.05,115,131.6,115.2,127.9
Jan-14,407.2,791.2,845.2,1293.6,286.1,447.9,220.5,85.8,598.2,917.2,814.3,424.8,942.9,181.4,266.6,462.8,451.1,1135.1,1915.7,569.6,501.4,578,2405.5,146.5,1433,1068.1,2845.9,5189.7,265,1572,179.8,551.8,735.7,50.2,335.2,752.1,161.4,1647.4,,,94.6,12150,73943.9,3058.8,4289.5,1322.8,4265.5,1482.8,1222.2,971.2,4822.3,5671.7,958.2,2475.6,2096.5,3831.2,4129,1487.6,1965.1,1288.9,2117.8,3758.1,1786.5,601.9,678.2,3479.3,3977.7,692.8,287.1,503.3,25.19,15.62,28.62,259.71,58.58,21.84,14.89,26.83,293.1,57.42,-0.36,-0.15,0.05,0.1,0.13,-0.11,-0.06,-0.02,-0.52,-0.04,-0.21,0.04,-0.05,0.16,0.29,-0.26,-0.03,0.07,93.1,74.3,88.5,73.3
Feb-14,427.8,758.9,807.7,1286.4,280,438.2,233.4,74.9,619.9,845.6,827.8,422.2,801.4,184.5,275.8,439.4,397.4,1123.7,1883.1,589.1,506.4,556.5,2408.2,156.3,1377.5,1040.4,2882.6,5353.3,295.9,1560.8,175.1,581.6,726.4,82.2,306.4,737.2,161.4,1527.5,,,94.9,10629,69588.4,3009.8,4014.2,1377,4229.9,1515.7,1169.6,1072.5,4753.9,5599.9,908.6,2201,1834.3,4043.5,4293.2,1601.6,2204.3,1408.2,2071.2,3857.5,1822.3,553.2,690.8,3502.7,3555.6,651.4,287.6,482.3,26.51,17.16,31.46,279.47,58.41,22.71,16.09,29.3,311.01,57.36,-0.11,0.1,-0.1,0.17,-0.07,0.01,-0.1,-0.08,0.1,-0.06,-0.16,-0.08,-0.18,-0.22,-0.32,-0.1,-0.08,-0.23,97.6,72.9,83.3,77.9
Mar-14,546.4,881.8,873.1,1398.6,351.1,458.6,257.3,73.9,693.3,892.3,911.9,481.8,889.6,251.4,303.7,490.2,439.3,1293.1,2063.6,662.7,578.7,601.8,2702.6,238,1761.2,1247.9,3306,6323.4,428.1,1895.7,294.9,630.4,805.2,78.6,387,1022.4,159.8,1672.4,,,95.6,19637.1,78561.7,3352,4430.4,1496.6,4899.8,1662.1,1498.2,1070.4,5160.3,6902.6,978.7,2707.1,1956.8,4448.7,5031,1670.8,2536.4,1653.9,2300.5,4307.2,2071.8,586.7,693.7,3921.2,3908.4,773.4,307.9,528.1,26.48,17.5,31.59,286.04,58.7,23.45,16.81,31.49,326.46,58.12,0.1,0.21,0.33,-0.02,0.08,0.22,0.07,0.42,0.63,0.13,0.29,0.14,0.3,0.55,0.29,0.29,0.33,0.23,94.7,81.9,80.8,89.2
Apr-14,503.5,869.9,902.1,1362.9,375.9,438.9,257.3,67.1,665.8,899.7,817.5,462.5,873,230.1,299.7,460.1,402.2,1193.2,1987,618.9,582.6,549.2,2490.7,178.2,1483.5,1040.5,2942.7,5323.2,372.5,1669.6,207.5,598.9,768.7,73.7,304.5,768,149.9,1598.3,,,95.6,13269.9,71776.2,3251.9,4433.9,1693,4867.1,1501.8,1388.6,978.9,4704.2,5835.6,974.4,2757,1709.1,4124.5,4464.4,1611,2288.2,1534.9,2285.4,4004.4,2078.1,558.4,669.1,3682,3934.3,676.8,270.6,520,27.09,18.12,32.41,294.65,58.92,23.73,17.43,32.15,331.02,58.2,0.03,-0.14,-0.13,0,-0.01,-0.11,-0.1,-0.17,-0.15,-0.2,-0.15,-0.07,-0.05,-0.26,-0.14,-0.07,0.01,-0.07,100,89.6,86,87.5
May-14,541.9,878,870.9,1336.6,400,449.9,303.2,81.8,674.5,929.6,839.7,392.5,841,203.6,286.9,509.5,423.3,1130.8,2006.6,605.3,597.3,555.6,2513.1,193.2,1406,1068.1,3108.2,5099.5,352,2034.7,179.2,600,799.6,63.6,320.2,791.1,156.2,1593.2,,,95.9,13335.6,74709.3,3459.9,4626.2,1901.6,5092.5,1578.5,1261.3,1090,4776.7,6161,924.6,2161.2,1698,4429.5,4685.6,1621.8,2377.1,1352.1,2436,4159.8,2574.9,582.1,692.8,3983.1,3880.7,660.7,342.7,564.8,26.51,18.24,32.32,293.28,58.98,23.31,17.5,32.24,332.68,58.15,-0.09,-0.07,0,-0.03,0.06,0.01,0.08,0.25,0.32,0.02,-0.01,0.05,0.06,-0.19,0,-0.02,-0.01,0.12,97.9,91.7,84.6,90.1
Jun-14,529.2,876.9,880.7,1325.2,408,430.3,243.6,84.2,685.2,935.3,866.8,348.8,829.9,177.1,299.4,525.4,425.3,1180.1,2063.4,607.6,597.7,588.3,2615.3,266.3,1587.9,1202.9,3394.9,5703.3,502.1,2046.3,218.3,634.4,772.1,60.4,383.7,869.3,150.1,1630.2,,,96,13917.2,70123.8,3436.1,4737.3,1934,4914.5,1634.6,1351.9,959.7,4930.3,6463.5,1029.4,2430.7,1991.2,4307.9,5170.8,1663.6,2413.5,1511.6,2553.9,4249.2,2792.6,570,743.5,4123.8,3823.9,637.5,395.6,534.7,27.24,19.19,33.55,297.52,59,24.06,18.32,32.81,338.36,58.1,-0.09,0.07,0.03,0.03,-0.02,0.05,-0.14,0.18,-0.25,0.08,0.25,0.05,0.07,0.14,0.08,0.27,-0.15,0.04,98.5,95,83.5,92.9
Jul-14,543.3,892.5,961,1351.5,452.3,436.8,250.6,84.2,731.5,985.6,856.5,394.8,827.2,182,317.6,512.2,449,1228.2,2135,643.6,681.4,573.2,2716.7,165.8,1476,1109,3256.1,5527.9,420.1,1792.6,192.6,662.2,850.5,56.4,294,844.9,154.5,1688.9,,,96.3,13416.3,73061,3603.1,4975.7,2069.3,5271.1,1529.9,1216.6,956.4,4793.2,5935.9,1024.8,2575.6,1826.4,4308.8,4948.7,1555.7,2354.3,1643.6,2727.9,4336.4,3272.5,597.5,644.7,4108.8,4005.2,621.5,362.1,570.7,28.31,20.35,34.91,305.41,58.63,25.2,19.32,33.97,347.3,57.73,-0.03,-0.11,0.03,0.05,-0.03,0.01,0.12,0.1,0.37,-0.01,-0.2,-0.03,0.06,0,0.25,-0.22,0.01,0.08,97.9,93.7,85.3,93.3
Aug-14,493.6,825.3,901.7,1298.1,408,392.3,245.9,73.6,631,927.8,851.6,323.9,804.8,137.7,274.5,477.4,382.3,1155.9,1895.7,579.5,627,490.3,2400.5,188.9,1372.1,1005.4,2621.3,3334.4,431.7,1768.6,157.9,645.9,717.2,66,309.7,859.6,156.4,1582.6,,,96.3,10792,66830.3,3307.4,4777.3,2115.7,5250.1,1401.6,1248.4,1047.1,4760.2,5750.7,916.6,2219,1573.3,3771.8,4537.4,1624.1,2274.5,1453.1,2612.2,3986.2,3252.4,570.4,703,3801.9,4535,574.8,327.1,546.1,25.75,19.16,33.69,307.09,58.47,22.42,18.22,32.52,342.79,57.55,0.01,-0.21,-0.24,-0.11,-0.26,-0.1,-0.12,-0.33,0.15,-0.17,-0.1,-0.12,-0.13,-0.36,-0.54,-0.41,-0.11,-0.16,95,92.9,87.2,86.2
Sep-14,541.7,906.5,1002.1,1454.7,372.8,462.4,255.2,85.8,697.6,972,1012.5,375.2,886.4,175.4,302.7,515.5,440.8,1254.5,2069.8,678.8,653.6,677.8,2726.3,197.4,1752.9,1202.2,3312.9,5973.3,400,2089.4,224.2,698,821,66.8,326.8,1007.4,160,1659.2,,,96.4,18551.5,73941.2,3489.9,4928.3,1981.6,5019,1797.4,1516.8,999,5083.2,6784.7,995,2495.6,1898.3,4352.7,5181.8,1637.2,2696.7,1570.1,2717.6,4365.4,2963.5,582.1,652.3,4140.2,6352.7,633.8,387.6,559.1,28.34,20.13,35.46,302.87,58.24,24.98,18.84,34.55,339.17,57.54,0.11,0.11,0.32,0.16,0.25,0.12,0.15,0.24,-0.37,0.32,0.25,0.16,0.15,0.38,0.43,0.3,0.08,0.16,94.2,87.9,90.2,87.5
Oct-14,551.4,923.3,1055.1,1549.3,360,443.4,259.6,96.6,702,1035.5,1048.2,377.7,837.1,162.2,311.7,530.4,480.1,1182.6,2206.7,679.7,657,627.4,2768.2,205.2,1665.3,1134.3,3162.8,5722.4,375,2086.7,199.6,782.1,844.7,47.4,400,857.8,163.4,1721.8,,,96.8,13566.1,73405,3689,5090.4,1890.1,5104.4,1814.8,1502.4,1055.3,5058.5,6741,1116.6,2918.8,2059.3,4522.2,5067.4,1643.5,2764.3,1526.2,2625.3,4602.7,2368.5,556,737,4236.3,6343.7,723.3,405,589.6,28.73,19.45,35.01,294.55,57.66,24.26,18.29,34.85,337.36,57.53,0.02,-0.05,0.1,-0.2,0.18,-0.01,0.14,-0.03,0.01,-0.03,-0.16,-0.06,0.01,0.01,-0.03,-0.06,0.12,0.03,96.4,95.4,98.5,93.5
Nov-14,488.2,865.1,1008.8,1419.3,326.1,408.5,263.2,80.8,633.9,933.3,945.5,375.2,764.8,159.3,277.7,487.1,417.4,1103.4,1956.6,642.6,579.2,560,2620.6,248,1611.7,1127.3,2868.9,5656.9,347.2,1892.9,184.8,717.1,834.3,58.5,377.3,847.8,169.8,1550.1,,,96.9,12477.1,69660.7,3457.7,4613.3,1618.9,4815.6,1710.8,1547.8,1207.7,4993.3,6520.6,957,2481.2,1856,4189,4760.9,1711.2,2843.4,1628.6,2435.5,4459.9,1609.1,560.6,651.5,4000.1,4002.9,659.5,373.8,538.8,27.5,18.01,33.13,279.66,57.73,23.28,16.92,32.35,324.15,57.34,-0.14,0.03,-0.26,0.2,-0.18,-0.1,-0.15,-0.28,-0.29,-0.06,-0.06,-0.12,-0.13,-0.4,-0.2,0.06,-0.26,-0.17,100.1,110,114.7,110.4
Dec-14,421.8,971.9,1045.3,1449.5,415.4,351.5,220.3,74.2,492.8,855.4,874,393,711.9,140.7,213.8,451.8,417.1,1093.8,1669.6,532.6,478.2,458.5,2254.2,342.7,2003.1,1092.3,2995.6,5087.8,466.6,2818.6,203.1,558.9,747.5,97.6,450.4,915.1,151.8,1430.1,,,97,11435,73645.4,3332.4,4799.6,1633.2,5502.8,1594.6,1881.6,1030.7,5229.7,7260.8,1086.1,2625.7,1917.6,4488.3,5073.8,1823.6,2691.1,1686.9,2348.5,4300.1,2010.6,584.4,673.1,4180.5,3673,747,448.6,601.8,24.98,15.32,29.62,263.38,58.21,21.31,14.57,29.11,308.52,58.06,0.33,0.02,-0.05,-0.13,-0.1,-0.02,0.15,-0.14,0.23,0.03,0.09,0,-0.01,0.19,-0.09,0.3,-0.13,-0.06,109.8,134.8,120,139.6
Jan-15,452.7,793.5,768.5,1260.7,282.8,357.9,224.7,80.5,573.1,927.7,838.2,417.9,800.2,152.9,260.1,446.4,523.3,1142.8,1777.8,570.7,505.9,469.7,2417.3,133.7,1390.6,996.2,2431.7,5329.6,302.3,1651.2,176.1,629.3,704.7,67.9,249.5,685.5,161.4,1483.5,,,97,12453.9,65219.2,3236,4454.8,1427.8,4480.7,1353.1,1486.3,987.9,4834.9,5836.9,1082.3,2527.3,2015.3,4100.9,4359.7,1374.7,2307.5,1465.8,2386.1,3935.8,1969.2,553.2,654.6,3580.6,3956.7,652.8,359.4,548.7,,,,,,,,,,,-0.39,-0.29,-0.09,0.09,0.13,-0.21,-0.2,-0.05,-0.45,-0.14,-0.2,-0.09,-0.13,0.05,0.22,-0.33,0.02,0.02,90.9,80,95.3,78.5
Feb-15,536.2,818.6,732.5,1300.1,300,374.3,241.6,75.1,627.6,873.3,822.9,419.7,757.2,191.5,278.1,429.4,523.9,1032,1850.5,585.9,553,505.7,2487.4,203.9,1367.8,1062.3,2604.3,5749,358.2,1674.7,181.4,609.4,709.6,79.8,330,753.7,157.3,1458.4,,,97.3,11360.3,62068.8,3209.5,4261.9,1557.6,4493,1423.7,1548.7,1127.6,4842.2,6163.2,1005.1,2390.5,1908.2,4275,4487.2,1480.8,2448.9,1328.3,2336.4,4075.7,2046.1,523.3,631.9,3523.2,3495.2,698.6,354.2,556.1,,,,,,,,,,,-0.13,-0.08,0.02,0.04,-0.07,0.08,-0.11,-0.06,0.03,-0.08,-0.03,-0.03,-0.03,-0.18,-0.32,-0.24,-0.08,0.05,95,78,87.5,83.1
Mar-15,624.1,970.1,800.4,1429,380.7,409.3,289.7,89.6,725.8,954.4,975.1,483.5,828.3,201.1,320.7,496.4,565.9,1326.4,2089.3,666.4,629.3,558.7,2902.2,248.2,1814.9,1285.6,3186.5,6562.2,541.7,2176.4,228,724.7,803.3,116.8,419.3,1079.6,175.4,1587.2,,,97.5,21014.9,69276,3583.7,4765.6,1797.7,5065.4,1603.2,2036.1,1086.2,5392.9,7104.3,1071.2,2869.4,2141,4946.2,5111,1857.1,2861.5,1511.7,2620.5,4565.7,2316.3,581.9,662.3,4442.1,3931.2,856.3,464.6,583.1,,,,,,,,,,,0.09,0.15,0.41,-0.04,0.32,0.26,0.09,0.43,0.45,0.19,0.37,0.25,0.26,0.62,0.37,0.22,0.36,0.26,98.3,85.8,90.4,88.3
Apr-15,508.3,900.1,763.9,1300.4,405,385.4,269,75.2,719.6,915.6,829.5,441.5,825.6,224.6,302.2,462.8,535.6,1096.5,1872.5,630.9,596.6,515.6,2619.2,185.3,1528.1,1072.2,2719.5,5350.6,398.8,1838.3,179.1,642.5,737.2,85.8,329.9,854.4,175.2,1663.5,,,98,14167.5,65929.9,3375.9,4583.6,1927.6,5075.7,1487.4,1572.2,1022.2,4842.9,6345.9,1046.3,3066.5,1823.5,4347.1,4555.9,1468.2,2412.5,1340.3,2482.2,4135.9,2204.8,557.4,672.6,3886.2,3741.3,759.7,352.4,568.6,30.18,19.32,39.28,264.22,59.01,22,15.62,32.27,267.1,56.71,-0.05,-0.31,-0.26,0.23,-0.18,-0.14,-0.08,-0.24,0.11,-0.2,-0.21,-0.17,-0.17,-0.39,-0.19,-0.17,-0.01,-0.17,94.7,93.9,89.4,89.4
May-15,485.6,882.1,757.3,1320.7,396.2,365,275.3,93.9,687.8,881.4,800.5,408.2,795.5,138,271.8,433.4,493.5,1150.8,1839.3,601.8,580.6,468.1,2522.2,162,1386.9,1044.1,2527.1,5339.5,343.5,2156.3,176,612.7,691.8,81.4,306.6,837.7,174.3,1602.3,,,97.9,14004.2,61221.4,3366.7,4620,2070.8,5230.6,1446.2,1632.5,1169.9,5029.7,6206.6,1054.4,2353.8,1776.1,4573,4504.7,1776.4,2462.3,1364.9,2526.1,4221.7,2750.2,558.4,657.9,4102.9,3788.6,684.3,347.1,595.1,29.18,19.33,39.38,266.31,58.98,21.26,15.63,32.6,271.06,56.82,-0.08,0.03,-0.1,-0.01,-0.04,-0.01,-0.01,0.08,0.24,-0.02,-0.1,-0.07,-0.03,-0.22,-0.06,0.21,-0.09,-0.03,99.1,95.1,87.9,91.5
Jun-15,534.5,938.5,810.4,1373.2,448.5,401.4,283.9,91.9,747,937.7,886.5,391.4,787.3,185.5,308.4,473.3,546.9,1150.4,1983.2,676.1,649.1,522.3,2878.9,259.4,1740.1,1194.6,3021.4,5991.3,507.1,2902.8,229.9,685.2,740.7,88.9,392,976,200.4,1641.5,,,97.9,15838.3,60693.3,3601.6,4925.8,2178.8,5119.8,1579.8,2140.4,991.7,5110.6,6990.8,1005.4,2739.6,2103.1,4863.6,5085.2,1773.2,2568.7,1549.2,2626.4,4458.3,2985.2,568.7,734.5,4653.7,3771.2,776.8,447.6,602.2,32.37,21.63,42.46,271.3,58.74,23.77,17.7,36.11,279.26,56.62,-0.01,0.01,0.22,0.13,0,0.12,0.04,0.31,-0.21,0.11,0.26,0.16,0.12,0.19,0.13,0.34,-0.06,0.12,98.8,100.5,88,91.2
Jul-15,567.2,911.6,838.1,1356.3,463.3,391.7,308.8,89.3,761.8,969.7,817.8,379.1,805.1,141.6,317.7,494.3,524.7,1203.2,2014.3,683.1,643.6,474.6,2703,142.6,1518.7,1089,2770.5,5360.5,338.7,1913.5,201,714.3,738.7,82,277.5,833.2,192.1,1678.8,,,98.3,14581.7,65052.2,3589.1,4453.7,2365.8,5457.3,1467.4,1595.5,945.1,4945.8,6417.2,1106.6,2826.7,1952,4801.2,4780.7,1613,2415.7,1593.9,2759.6,4607.3,3612.4,573.9,760.5,4361.5,4172.9,748.5,391.8,617.1,31.63,21.79,42.6,273.64,58.44,24.08,18.32,37.5,288.24,56.33,-0.02,-0.33,-0.09,-0.15,-0.07,-0.02,0.04,0.01,0.27,-0.07,-0.19,-0.01,0.06,0.07,0.12,-0.48,0.02,-0.09,97.3,98.6,92.5,92.7
Aug-15,488.2,846.9,780.1,1318.8,394,334.5,250.9,77.5,685.7,876.6,804.9,336.8,752.1,108.7,284.2,459.9,458.2,1116.6,1751.4,576.7,572.6,405.3,2475.8,215.9,1386,1028.1,2342.9,4201.1,386.1,1715.4,175.7,611.8,644.9,67.8,276.7,795.9,184.5,1485,,,98.1,11341.9,64159.6,3318.9,4178.4,2306.1,5331.6,1345.3,1422.5,1098.4,5100.6,6032,905.6,2297.9,1689.1,4156.4,4531.4,1594.4,2394.1,1382.6,2694.8,4149.2,3556.6,554.7,747.9,4082.2,4582.9,654.1,355,566.9,26.26,18.82,38.21,259,58.14,19.69,15.23,31.73,259.21,55.87,-0.07,-0.03,-0.29,0.06,-0.34,-0.12,-0.16,-0.37,0.11,-0.16,-0.14,-0.19,-0.19,-0.3,-0.52,-0.23,0.08,-0.16,94,95,88.6,88.2
Sep-15,525.1,916.7,925.4,1455.3,393.6,409.4,306.7,88.3,701.5,993.1,962.2,353.3,803.8,145.3,314.5,490.1,543.4,1252,2004.4,666.1,602.8,510.4,2751.6,218.4,1688.6,1229.7,2917.9,6450.4,381.3,2004.3,202.5,706.1,810.4,70.2,373.6,994.2,177.2,1566.9,,,98.4,20092,60148.4,3738.2,4338.1,2254.6,5231.9,1645.7,2228.2,1060.4,5203.4,7143.3,1049.6,2704.3,2065,4826.7,5275.4,1593.8,2673.8,1610.7,2693.6,4557.7,3334.3,589.3,769.5,4674.3,6616,770.7,413.1,581.6,33.03,22.49,45.6,267.85,58.29,23.68,17.43,36.48,266.84,55.77,0.15,0.03,0.34,0,0.2,0.13,0.17,0.25,-0.28,0.23,0.21,0.18,0.14,0.25,0.22,0.19,0.09,0.23,95.9,96,94.3,88
Oct-15,561.2,885.6,878,1493,361.4,397.4,319.8,88.1,668.7,998.8,972.3,342.9,791.4,138.7,299.4,499.7,518.1,1260.4,2025.2,662.2,611.9,476.7,2705,227.1,1567.7,1140.3,2620.7,6215.7,324.9,2243.1,178.8,712.9,756.6,73.6,264.5,809.1,186.1,1541.4,,,98.8,14435.9,61800.4,3726.3,4203.9,2190.6,5395.5,1767.9,1775.7,1072.7,5112,6941.3,1120.5,2969.7,2015.2,4850.4,4842.7,1616.2,2959.1,1732.8,2687.8,4554.3,2759.1,573.1,738.3,4437.1,6268,766.9,369.4,587,32.75,22.01,45.25,262.24,58.24,22.62,16.24,34.91,262.61,55.54,0.02,-0.21,0,-0.1,0.03,-0.01,0.06,-0.08,0.07,0.03,-0.17,-0.03,-0.01,0.07,0.06,-0.12,-0.08,-0.03,95.6,99.6,99.7,94.8
Nov-15,478.5,890.7,860.2,1463.5,371.1,420.8,282.2,84.7,657,994.6,948.8,379.6,737.9,142.4,271.5,499.2,514.7,1064.3,1929.5,651.3,566.3,451.4,2584.8,242.6,1582.1,1148.1,2558.4,6106,339.6,2113,172.9,766.4,757.9,79.6,371.2,834.4,186.4,1415.5,,,98.9,13790,59285.8,3664.3,4033.7,1793.3,4997.5,1734,2011.3,1219.3,5140.5,7264,995.6,2676.2,2015.5,4724.1,4768.3,1689.6,3079.4,1643,2582.1,4379.3,1963.2,624,707.8,4445.2,4232,734.4,381.9,562.1,33.26,21.51,43.59,246.58,57.46,22.68,15.69,33.69,250.12,54.72,-0.05,0.26,-0.13,0.04,-0.3,-0.05,-0.09,-0.17,-0.43,-0.03,-0.1,-0.02,-0.11,-0.34,-0.06,0.03,-0.08,-0.05,100,115.7,118.1,110.1
Dec-15,378.3,956.5,866.2,1394.5,437.7,339.9,243.2,73,488.1,884.4,835.7,387.3,644.1,105.7,210.2,479.6,428.3,1076.7,1602.8,521,418.1,376.4,2141.6,413.3,1752.9,1050.2,2539.6,5360.7,552.4,3036.3,191.6,596.5,734.4,75.6,420.6,986.8,185.7,1358.9,,,99.1,12702,62293.7,3489.6,3862.9,1829.8,5764.1,1599.4,2557.2,1030.6,5272.2,7941,1042.7,2765.2,1899.2,5073,5049.9,1779.8,2979.5,1704,2369,4226.9,2121,652.7,653.3,4583.9,3754.8,856,468.7,627.3,27.95,17.06,37.82,235.84,58.21,19.41,12.87,29.05,240.83,55.15,0.03,-0.04,-0.12,0.03,-0.24,-0.06,0.09,-0.2,0.2,-0.05,0.23,-0.05,-0.08,-0.05,-0.22,0.41,-0.08,-0.06,111.1,131.1,119.5,134.8
Jan-16,370.9,781,685,1232.1,297.4,375,223.9,77.5,562.1,842.1,812.9,380.1,711.9,152.3,235.9,423.2,465.8,1059.8,1749.9,545.4,518.7,434.1,2411,167.7,1366.5,954.1,2244.9,5525,233,1579.7,146.9,577.3,772,62,283.3,686.3,191.7,1479.1,,,99,13650.5,55118.1,3231,3603.7,1493,4779.9,1331.6,1596.3,1072.1,4904.9,6340.5,1120.5,2495.9,1966.1,4527.8,4108.8,1535.7,2458.5,1502.7,2380.4,4050.1,2059.1,617.5,705.3,3847.7,3835.8,598,334.8,580.7,29.6,18.72,40.3,228.15,58.29,20.27,13.72,30.38,232.69,54.99,-0.05,-0.26,-0.09,0.07,0.11,-0.18,-0.15,-0.08,-0.51,-0.15,-0.21,-0.1,-0.15,0.09,0.36,-0.3,-0.07,-0.04,91.4,82.4,100.5,80.6
Feb-16,443.6,804.4,769.8,1358.4,301.7,387.7,222.4,73,680.5,861.1,846.3,393.7,714.1,175.4,283.7,446.4,455.3,1163.7,1908.6,621.9,619.3,462.6,2592.3,155.5,1416,1051.1,2513.2,5971.2,251.3,1801.9,195,686.3,844.6,66.2,288,776.2,178,1560.9,,,99.3,13093.3,52947.1,3403.8,3701.6,1751.2,4905.7,1431,1666,1258.5,4835.3,6779.6,1046.4,2490.2,1888.6,4665.9,4432.8,1815.2,2395.1,1554.9,2502.5,4200.9,2217.8,605.7,726.6,4008.7,3829.2,537.9,342.8,612.9,32.33,21.63,45.72,249.55,58.07,22.69,15.69,33.45,249.27,54.72,-0.1,-0.21,0.17,-0.09,0.17,0.09,0.12,0.12,0.24,0.12,-0.04,0,0.04,-0.09,-0.22,-0.18,0.02,0,95.5,77.4,92.5,84.8
Mar-16,496.9,954.9,819.5,1426,417.1,422.7,223.1,80.6,697.5,925.6,963.4,439.8,797.7,201.1,305.7,476.2,520.4,1305.2,2033.1,661.9,687.8,489.1,2796.8,272.2,1739.1,1194.8,3036.3,6936.8,480.1,2316.1,261.6,751.2,872,87.5,399.2,1087.6,200.6,1647.3,,,99.2,23691.2,61128,3618.7,3992,1956.2,5434.4,1682,2200.7,1281.1,5240.9,8039.7,1015.9,2844.3,2123.2,5421,5402.1,1851.7,2809.8,1682.6,2608.7,4582.7,2363.5,643.1,766.5,4430.3,3868.9,636.3,462.4,651.5,32.12,21.56,45.12,253.55,58.29,22.77,15.78,32.95,252.68,55.26,0.02,0.02,0.31,-0.09,0.2,0.17,0.11,0.3,0.52,0.1,0.35,0.15,0.17,0.54,0.11,0.08,0.1,0.09,98.4,84.4,90.6,89.7
Apr-16,500.5,891.9,747.4,1305.7,370.4,405.3,237.8,82.2,727.6,888.5,850.9,425.4,713.4,167.6,303.8,466.3,501.6,1298.7,2027.2,675.5,711.8,475.5,2605.6,158.9,1545.9,1036.7,2713.5,6539.7,920,1896.1,180.8,701.1,818.4,70.2,316.6,801.6,187.6,1681.2,,,99.9,15661,56378.9,3562.6,3839,2062.3,5375.9,1558.2,1580.4,1117.2,4889.7,6777.5,1116.5,3013.8,1877.9,5000,4719.3,1585.8,2629.2,1638.8,2747.8,4419.8,2275.3,587.3,771.4,4483,3878.6,693,348.4,649.3,33.32,22.95,46.85,260.11,58.46,23.62,16.11,33.41,254.69,55.81,-0.01,-0.18,-0.13,-0.26,0,-0.11,-0.02,-0.16,0.12,-0.12,-0.24,-0.14,-0.13,-0.32,0.1,-0.03,0.09,-0.02,97,89.4,91,94.6
May-16,501.4,913.7,785.9,1376.3,440.9,392.2,203.9,90.1,730.4,886.1,879,403,719.8,175.9,298.9,477.8,481.9,1178.5,1955,677.9,681.4,473.9,2646.7,136.8,1418.5,999,2634.5,6119.4,356,2401.2,196.3,680.9,789.9,76.6,347.4,824.4,192.4,1678.6,,,99.5,15327.8,57122.3,3489.5,3924.9,2229.7,5618.2,1519.1,1586.4,1270.2,4852.5,6952.3,1005.2,2192.1,1829,5200.9,4708.9,2026.6,2739.6,1653.2,2662.5,4549.7,2930.9,632.5,747.2,4453.5,3683.1,717.4,346,645.8,31.21,21.34,43.47,254.36,58.75,22.32,15.2,31.46,248.94,55.67,-0.1,0.05,-0.07,-0.06,-0.16,0,-0.09,0.2,0.11,-0.1,-0.14,-0.02,0,-0.28,0.02,0.24,0.01,0.02,100.2,97.4,91,96.5
Jun-16,519.4,930.3,824.7,1397.8,432,412.4,249.8,90.8,771.6,938.3,924.1,329.8,745.5,180.3,305.6,505.6,557.6,1227.2,2028.3,713.6,712.6,463,2827.3,290.4,1633,1142.4,2993.9,6584.9,347.8,2600.1,260.4,688.6,825.2,143.1,445.8,1067.2,198.2,1697,,,99.6,16876.1,63315.9,3628.3,4078.8,2362,5667.9,1661.2,1985.4,1261.3,5087.8,7732.8,1010,2579,1943.9,5800.4,5442.6,1885.7,2758.2,1802.9,2708.1,4730.7,3146.5,620.6,805,4947.7,3548.5,841.7,418.5,653.3,33.58,23.36,46.23,262.91,58.68,23.7,16.5,33.97,255.45,55.41,-0.02,0.08,0.15,-0.1,0.12,0.06,0.06,0.21,-0.14,0.1,0.32,0.07,0.1,0.23,-0.03,0.29,-0.11,0.04,99.5,98.3,89,94.4
Jul-16,479.4,880.4,765.9,1330.4,424.1,419.2,246.4,93.3,695.7,910,806,378.4,793.1,141.4,292.6,473.4,493.9,1115.7,1885.8,688.3,692.8,452.1,2652.4,140,1470.9,967.3,2695.1,5878.8,233.2,2098.4,170.7,704.6,789.3,101.3,317.8,783.6,204.4,1618.5,,,99.9,14543.3,59357.1,3485.7,4144.3,2513.8,5854.8,1507.6,1923.4,1090.3,4951.7,6893.7,1066,2651.6,1667,5230.1,4830.3,1643.7,2623.8,1742.1,2988.2,4514.5,3678.8,623,799.1,4622.3,3815,873.9,391.9,642,31.2,22.61,46.37,270.82,58.98,21.88,15.97,34.13,261.36,55.43,-0.1,-0.2,-0.2,-0.09,-0.05,-0.1,-0.03,-0.02,0.38,-0.11,-0.18,-0.08,0.01,-0.06,0.1,-0.38,0.07,-0.08,100,102.3,93.6,98.5
Aug-16,491,910.9,828.5,1440,453.2,424.6,265,93.2,735.5,946.2,864.7,355.2,818.4,125.7,282,496.6,509.6,1230,1899.7,694.2,728.6,443.8,2697.2,149.5,1518.4,1027.4,2659,4735.1,227,2127.5,164.4,751.3,755.3,115.8,336.9,805.3,197.3,1692.7,,,100.1,12774.1,62420.1,3623.2,4192.6,2592.7,6047,1539.2,1817.4,1244.8,5005.6,7002.3,1056.3,2377.5,1764,5188.4,4797.7,1864.7,2538.7,1696,2811.3,4379,3682.1,626.6,783.6,4591.4,4691.9,636.9,410.3,637.5,29.84,21.76,43.72,263.44,58.37,21.45,15.88,33.05,260.91,55,0.07,0.25,0.06,0.32,-0.04,0.02,0.02,-0.19,-0.04,0.05,-0.1,-0.02,-0.02,-0.12,-0.47,-0.19,0.13,0.07,98.9,96.6,90.2,93.3
Sep-16,501,934.2,869.8,1562,430.3,470.5,278.6,82.7,771.3,981.5,925.3,406.4,864,167.5,308,504.1,544.4,1328.1,2019,741,732.2,534.1,2741.8,312.9,1724.6,1167.8,2994.4,6839.8,364.1,2217.7,228.4,776.7,863,124.2,404.5,1057.8,191.7,1653.5,,,100.6,22307.6,65750.5,3696.6,4146,2402.8,5840,1859.5,2597.3,1181.4,5202.8,8125.2,1132.8,2534.9,1957.3,5393.1,5403.4,1991.6,2884.3,1897.9,2899.1,4648.9,3442.9,598.2,803.7,5199.7,6551.3,779.5,445.6,634.1,34.26,23.94,48.61,272.5,58.51,23.77,16.94,36.68,264.38,55.33,0.13,-0.11,0.2,-0.18,0.17,0.05,0.11,0.19,-0.13,0.05,0.25,0.1,0.1,0.2,0.3,0.12,-0.01,0.06,97.6,97.6,97.1,92.6
Oct-16,495.8,914.7,836.1,1549.4,368.8,453.8,234.5,79.6,707.4,972.8,948,341.4,844.5,160.5,294.3,479.9,502.7,1197.2,1956.2,732.6,707.1,513,2698.2,189.5,1630,1106.9,2717.6,6352.1,254.1,2557.1,201.5,776.1,841.6,96.1,404.2,750.5,213.4,1653.1,,,100.5,15418.2,68696.6,3689,4062.9,2311.5,5790.6,1807.1,1769.9,1217.6,5111.1,7992.3,1178.9,2838.9,1843.4,5430.7,4753.3,1817.6,3133.6,1801.8,3131.8,4538.4,2845.3,617.7,772.4,5092.6,6159.3,803.3,392.6,615.4,31.69,21.43,45.5,265.31,58.74,22.15,15.08,34.12,254.9,55.25,0.02,0.07,-0.09,0.19,-0.11,-0.04,0.03,-0.17,0.02,0.03,-0.15,-0.08,-0.05,-0.13,0.04,-0.06,0.02,-0.02,99.7,106.5,106.6,102.5
Nov-16,486.4,953.2,863.5,1601.1,394.1,486.3,236.1,105.7,785,1008.2,971.8,431,821,167.8,277.6,524.9,509.8,1335.8,2081,746.3,716.3,564.8,2831.6,205.1,1715.8,1234.1,2958.6,7027.6,312.8,2492.2,166.8,793.7,908.1,89.7,390,827.4,203,1673.2,,,100.9,15092.9,73291.1,3687.9,4056.9,2019.5,5649.9,1876.5,2093,1415.8,5247,8023.7,1107.5,2670.4,2034.1,5722.9,5078.1,1950.1,3275.8,1908.7,2709.9,4685.7,2161.2,610.6,787.6,5065.3,4149.4,793.2,420.5,622.5,34.84,22.42,44.87,250.81,57.76,24.26,15.9,34.16,246.48,54.46,0,0.23,0.16,0.19,0.05,0.05,0.12,-0.01,-0.32,0.1,-0.11,0.07,-0.01,-0.21,-0.14,0.08,-0.15,0.09,103.2,124,127.2,117.9
Dec-16,376.3,977.5,901.5,1506.5,433.7,395.7,205.4,81.1,572.2,865.8,835.5,421,713.5,157.9,202.9,437.7,440.8,1326.7,1588.6,547.7,485.8,438.3,2410.3,385.9,1956.1,1105.1,2819.5,5683.9,560.7,3311,208.3,584.5,823.3,79.1,474.8,1097.6,186.7,1509.5,,,101.4,13456.8,74410.4,3514.6,4012.8,2031.7,6409.8,1744.3,3271,1318.7,5514.5,8679.2,1139.2,2650.4,1718.6,6088.2,5184.1,2332,3329.9,1900.8,2872,4248.1,2309,598.7,745.2,5160.3,3651.4,930.6,515.9,672.9,28.59,17.48,39.85,243.72,58.59,20.15,12.82,30.95,243.69,55.25,0.21,0.08,-0.17,0.15,-0.29,-0.1,0.04,-0.22,0.29,-0.15,0.28,-0.04,-0.1,0.06,-0.3,0.37,-0.01,-0.12,115.7,139,129.3,148.5
Jan-17,402.7,835.3,728.3,1357.2,302.8,411.5,218.2,90.8,679.7,933.7,834.2,434.8,865.8,189.7,242.5,465.3,513.9,1193.2,1857.3,609.2,568.8,492.1,2531.8,121.3,1521.9,1026.7,2621.4,6647.9,229,1742.1,193,662.8,837.8,41.8,319.1,788.8,209.3,1669.9,,,101.6,14296.8,59811.2,3404.3,3867.3,1596.9,5088.8,1397.9,1781.6,1164.9,5074.2,6663.4,1166,2670.1,2218.1,5231.7,4389.2,1957.5,2603.6,1456.5,2450,4193.2,2449.8,585.9,641.9,4313.1,3912.1,732.1,401.7,612.2,30.75,20.39,44.05,237.2,58.19,21.83,14.8,33.66,235,54.77,-0.25,-0.19,0,0.11,0.18,-0.16,-0.09,-0.02,-0.49,-0.05,-0.29,-0.07,-0.06,0.12,0.33,-0.36,-0.02,0.1,91.8,84.5,103.5,82.7
Feb-17,465,826.6,736.2,1387.6,318.8,450,226.2,86.3,678.5,901.1,810.4,405.5,833,172,260.6,456.8,502,1022.2,1836.4,609.6,641.4,492.2,2641.8,119,1479,1112.5,2848.1,6927.2,315.6,2343.6,202,718.7,870.2,45.5,342.2,876.2,198.8,1652.7,,,101.4,13000.7,60160.3,3400.7,3765,1728.5,5293.8,1435.1,1714.6,1296.9,4902.6,7113,1009.6,2352.4,2032.2,5356.5,4687.8,1852.9,2666.2,1473.5,2324.8,4244.7,2454.7,573.2,690.8,4388.3,3890,596.6,366.6,625.1,32.04,21.54,46,251.23,58.08,23.31,14.77,32.84,234.67,55.17,-0.1,0.15,-0.01,0.09,0,0.06,-0.06,-0.06,0.24,-0.05,-0.11,0,-0.02,-0.18,-0.35,-0.11,0.02,-0.11,97.8,83.5,96.5,88.5
Mar-17,583.9,953.5,885.2,1614.9,427.3,540.7,267.3,101.3,847.1,1022.2,1019.3,480.2,971.3,231.9,318.6,542.6,621.2,1333.2,2128.6,736,801,576.8,2986.4,265.7,1901.2,1302.1,3481.7,7864.3,576.3,2853.8,251.4,813.4,1010.7,49,473.2,1315.3,223.5,1888.3,,,101.5,25404.5,70926.1,3926.4,4300.1,1980.9,6032.8,1685.4,2967.2,1340.7,5325.3,8724.3,1088.3,3003.3,2319.5,6481.7,5475.4,2269,2843.9,1649.3,2659.2,4893.3,2640.6,646.1,678.8,5274,3981.7,787.6,593,659.2,33.12,22.01,45.48,256.2,58.07,25.67,16.2,34.64,243.62,55.64,0.13,0.03,0.46,0.21,0.28,0.26,0.2,0.49,0.52,0.22,0.33,0.24,0.27,0.69,0.35,0.26,0.25,0.28,99.7,93.6,94.6,91.2
Apr-17,498.5,864.5,788.3,1365.6,399.2,454.7,204.4,86.1,723.1,892.8,788.4,437,893.2,196.6,261,469.4,474.6,1080.1,1784.2,619.2,639.4,475.7,2450.8,165.1,1481.3,1025.6,2682.1,6194.4,368.6,2007.4,213.8,659.9,738.5,39.2,338.5,830.8,177,1697.6,,,101.6,14697.3,60111.5,3376.8,3990,2173,5952.4,1432.8,1795.2,1211.4,5082.2,7128.8,1111.5,2980.5,1774.3,5277.8,4703.8,1727.8,2588.6,1527.7,2506.9,3991.7,2608.1,596.7,650.3,4875,3905.5,811.3,385.8,596,28.82,19.13,42.37,262.37,58.67,22.96,14.69,33.07,248.68,56.41,-0.09,-0.33,-0.45,-0.14,-0.19,-0.22,-0.22,-0.31,0.07,-0.31,-0.3,-0.22,-0.23,-0.4,-0.15,-0.23,0.15,-0.24,104,102.9,98.3,99.1
May-17,565.8,979,875.1,1523.6,461.5,511.8,232.9,106.3,816.7,1004.5,857.6,425.8,871.4,212.1,282.1,534.9,535.7,1226.2,2019.6,698.2,753.1,546.4,2740.3,158.3,1619.8,1114.3,3057.2,6359.5,324.8,2543.3,233.8,720.2,817.9,52.5,413.6,931.4,203,1733.9,,,101.7,16138.7,63821.8,3773.2,4252.2,2383,6240.8,1552.2,2034.8,1406.7,5100.5,7515.2,1110.7,2383.9,2031.3,5773.8,5003.3,1956.4,2846.8,1704.4,2967.4,4481.9,3265.2,609.4,682.1,5260.4,4030.8,794.9,439.1,620.5,30.9,20.75,43.66,260.38,58.3,24.82,16.08,35.2,248.9,56.16,0.04,-0.01,0.25,-0.11,0.2,0.11,0.07,0.3,-0.04,0.13,0.08,0.11,0.18,-0.08,0.13,0.25,-0.05,0.13,103.7,105.6,91.8,98.2
Jun-17,559.9,950.9,863.5,1489.5,489.8,493.2,272.3,102.2,804.3,1027.1,873.4,422.8,890.4,202.8,302.4,560.2,568.5,1330.9,1983.7,708.9,732.9,554.2,2922.1,319.4,1915.2,1260.9,3194.9,6181.3,826.2,3108.3,258.6,714.3,851.5,49.4,566.1,1238.7,199.2,1802.1,,,101.9,17713.6,62157.6,3518.6,4336.2,2449,6082.2,1722.2,2704.4,1198,5274.4,8511.3,1086.4,2768.9,2248.8,6213.5,5451.9,2229.3,2927.8,1829.3,2758.9,4683,3521.2,588,685.7,5639.2,4011.1,806.7,562.2,620.6,31.97,22.02,45.4,268.2,58.1,25.51,16.98,36.32,254.78,55.86,-0.02,0,0.07,-0.07,0.1,0.04,0.04,0.21,-0.05,0.03,0.25,0.14,0.06,0.15,0.06,0.25,-0.12,0.09,101.8,109.7,93.3,99.8
Jul-17,528.9,919.2,820,1490.6,448.2,492.9,288.2,102,764.4,983.7,794.4,405,816.9,166.9,283.9,508.6,506.1,1101.2,1912,666.5,686.1,465.6,2704.2,150.3,1537.4,1104.4,2934.5,6558.2,311.4,2027.5,222.4,710,841.2,46.5,346.9,938.7,209.1,1752.9,,,101.9,15542.8,61482.6,3481.4,4285.1,2695.1,6388.2,1480.9,1755.8,1018.9,5172.1,7773.2,1141.6,2777.3,2047,5565.1,4996.6,1915.1,2732.2,1731.4,2894.3,4643.5,3896.1,584.6,690.8,5245,4314.9,739.3,427,607.3,29.32,20.7,40.35,247.09,57.18,23.8,16.23,32.79,240.37,55.39,-0.1,-0.14,-0.2,-0.11,-0.19,-0.07,-0.09,-0.1,0.25,-0.07,-0.2,-0.05,-0.07,-0.04,0.08,-0.37,0.05,-0.23,102.9,109.9,98.3,100.8
Aug-17,541.7,973.4,888.1,1592.8,444.1,529,266.9,98,789.8,1029.2,915.4,387.5,852.6,165,314.7,537.5,525.9,1261.4,1935.2,682,703.5,464.5,2778,197.3,1643.2,1104.4,2869.1,4744.5,481.1,2126.8,204.8,787.8,838.3,41.6,422.8,997.3,210.9,1791.6,,,102.1,13686.7,63259.1,3465.6,4343.1,2626.1,6333.6,1480.3,2120.6,1377.4,5112.2,7762.7,1126.3,2689.3,1846.6,5550.6,4983.9,1933.8,2779.9,1656.9,3051.7,4609.8,3790.8,615.3,700,5126.2,4849.8,653,453.1,649.5,21.15,14.39,28.15,223.89,57.79,14.86,10.01,25.82,220.73,56.42,0.1,0.08,0.11,0.13,0.16,-0.01,0.11,-0.14,-0.05,0.01,-0.1,0,0,-0.1,-0.52,-0.06,0.28,0.11,100.6,107.1,96.3,99.9
Sep-17,527.7,928.8,875.4,1574,412.2,568.7,234.4,103.3,815,1013.1,961.3,392.5,924.1,180.8,295.1,566.8,579.3,1269.4,1979.6,693.3,688.6,533.3,2893,215.2,1954.6,1275.2,3277,6790.1,428.8,2491.6,242.1,762.6,902.1,48.9,520.2,1292.6,214.5,1739,,,102.4,22480.9,66323,3520.3,4516.2,2382,6009,1679.1,2797.1,1293.4,5266.2,8877.2,1145.7,2864.9,2128.9,6175.7,5432.3,2261.5,3180.5,1857.9,2743.3,4854.4,3476.8,592.2,691.7,5622.9,7052.2,699.2,465.5,621.2,31.73,21.7,45.95,269.16,57.81,25.36,16.82,36.52,254.2,55.93,0.11,0.03,0.08,-0.05,0.04,0.04,0.05,0.12,-0.21,0.09,0.22,0.04,0.05,0.11,0.31,0.07,-0.2,-0.07,99.3,109.8,104.1,93.7
Oct-17,551.1,957.3,936,1698.4,379.3,538.2,227.5,97.7,851.6,1078.8,932.7,342.1,861.8,181.3,301.2,585,558.3,1294.3,2021,737.1,709.4,548.4,3023,233.5,1778,1239.8,3185.5,7268.8,495.3,2475.3,238.1,791.8,914.9,52.4,385,1003.7,217.1,1815.6,,,102.3,15882.7,67000,3629,4733.7,2298.7,6095.1,1751.9,2051.2,1329.5,5179.2,8638.8,1194.2,3182.5,2126.2,5951.6,5033.5,1896.8,3212.7,2003.4,2843.1,4929.4,2936.9,601.7,693.7,5698.4,6763.1,928.2,468.9,622.3,31.64,21.02,44.99,264.1,57.72,25.4,16.37,36.18,251.34,56.01,0.05,0,0.04,0.17,-0.02,0.03,-0.02,-0.01,-0.08,0,-0.13,-0.01,0.09,0.08,0.05,-0.14,0.14,-0.01,102.7,109.7,111.1,104.7
Nov-17,537.3,986.1,985.1,1703.3,400.9,553.5,229.5,118,834.2,1088,939.9,395,940.9,182.9,294.8,602.2,549.8,1291.3,2074.2,745.1,720.6,588.2,3032,260.3,1845.2,1292.5,3288.5,6813.4,451.6,2691.9,245.8,794.9,1018.5,53.4,421.8,1061.4,209.5,1801.4,,,102.6,15662.3,71163.3,3584.1,4632.8,2009.6,5988.2,1758.8,2245.1,1338.8,5258.4,9056.7,1192,3004.1,2238.3,6259.9,5384.4,2175,3535.6,1970.1,3046.4,4997.2,2238.7,639.8,681.3,5745,4305.5,791.9,466,622.9,33.72,21.96,45.54,256.2,57.28,26.14,16.36,35.18,243.9,55.03,-0.06,0.33,0.05,0.36,0.03,0.02,0.16,-0.05,-0.24,0.02,-0.1,-0.02,-0.12,-0.2,-0.08,0.1,-0.16,0.03,106.3,130.1,133.6,124.1
Dec-17,372.4,951.6,949.9,1564.8,432.2,418.5,190.1,93.8,590.6,880.8,758,334.3,769.3,145.1,193.5,537.7,424.6,1142.1,1436,531.4,462.2,432.2,2479.4,470,1939.6,1060.1,3002.1,5447.2,601.9,3430.3,224,587.2,812.4,48.6,521.6,1268.2,188.3,1577.9,,,102.9,13042.9,66013.1,3229.3,4340,1984.9,6537.6,1681.3,3523.9,1359.8,5502.2,9405.8,1292.8,2766.5,2031,6288.1,5450.7,2501.3,3361.9,1929.7,2844.3,4606,2211.3,592.2,677.2,5893.8,3912.8,771.9,554,652.2,27.55,16.96,39.38,241.01,57.36,20.81,13.13,32.01,234.54,55.53,0.19,-0.18,-0.28,-0.1,-0.37,-0.12,-0.01,-0.3,0.18,-0.14,0.21,-0.08,-0.1,-0.15,-0.26,0.32,-0.02,-0.19,121.3,147.9,130,155.8
Jan-18,415.7,901,812.1,1470.4,334.6,485.2,199.1,99.4,766.8,1014.4,801.6,388.8,964.8,186.6,283.3,501.9,491.6,1301.6,2004.3,628.5,556.7,584.2,2851,126.7,1780.4,1015.7,3117,6932.9,218.5,2046.8,293.5,688.7,827.2,56.8,396.2,974.5,193.5,1675.2,,,103,15613.2,64655.4,3341.9,4347.2,1671.8,5415.4,1420.2,1852.9,1254.8,5216.2,7967.7,1219,3044.7,2437.4,5072.2,5002.6,1765.1,2932.9,1544.4,2811.7,4467.2,2318.6,614.2,681.6,4963.8,4195.6,697.1,450.6,638,31.25,19.09,39.73,230.02,58.05,22.8,14.66,33.36,226.8,55.51,-0.26,-0.14,0.1,0.11,0.16,-0.11,-0.04,0.05,-0.49,-0.14,-0.18,-0.05,-0.03,0.3,0.34,-0.37,0.06,-0.09,94.5,87.6,108.2,87.9
Feb-18,450.6,850.7,798.1,1479.3,337.8,454.1,174.6,92.3,772.8,916.9,787.3,380.1,866.5,214.8,278.5,511.9,492.2,1211.6,1881.3,622.7,602.4,527,2861.3,247,1700.9,1013.2,3013.2,7022.5,434,2423.1,302.4,701.3,841.6,96.4,328.5,966,192.1,1599.8,,,102.7,13742.2,61904,3122.7,4130.4,1744.4,5244.6,1448.6,1758.6,1097.1,5089.1,7684.4,1145.2,2569.2,2153,5205.5,5043.1,1812.5,2919.7,1622.6,2635.9,4446.3,2286.1,588.1,729.7,4834.2,4042.6,620.5,433.5,628.6,30.61,19.14,38.56,228.94,57.57,16.93,13,29.53,233.11,55.02,-0.14,-0.19,-0.12,-0.04,-0.08,0.04,-0.08,-0.11,0.23,-0.09,-0.07,-0.07,-0.04,-0.29,-0.41,-0.26,0.03,-0.04,100.9,87.5,102,91.8
Mar-18,493.5,946.8,911.9,1641.7,422.2,520.6,184.5,95.2,845.2,996,892,408.3,923.3,221,325.1,563.5,515.9,1266.8,2063.5,668.1,625.7,549,3031.1,239.5,2186.6,1077.7,3748.8,7083,600.9,2312.1,584.3,790.9,931,143.2,535.9,1087.4,196.2,1714.8,,,102.7,24237.4,67739.3,3498.7,4499.4,2086.2,5913.4,1743.5,2868.1,1285.1,5594.6,9554.8,1207.3,3140.4,2359.8,6149.1,5873.4,1988.8,3391.7,1654.8,3148.1,4902.9,2609.2,657.1,753.3,5541.8,4134.6,763.3,598.7,704.1,38,26.96,61.91,303.94,55.97,45.83,24.27,50.73,256.75,53.27,0.07,0.27,0.36,-0.15,0.16,0.14,0.17,0.38,0.49,0.21,0.28,0.21,0.18,0.65,0.38,0.34,0.21,0.28,106.1,96.9,100.6,94.9
Apr-18,505.6,915.8,830.8,1465.7,428.2,477,174.2,96.9,826.1,957.1,803.4,429.9,874.9,200.5,295.9,507.4,485.9,1238.1,1925.3,670.7,647.4,526.7,2790.1,141.6,1892.6,963.6,3198.2,6224.2,398.6,1857.2,299.7,728.5,896.2,89.7,366.2,859.4,182.8,1739.8,,,103.1,16372.6,65312.3,3405.3,4438.1,2144.9,5820.2,1533.7,1978.5,1158,5140.9,8100.8,1283.4,3387.9,2148,5263.2,5329.3,1961,2950.7,1678.9,2991.7,4619.2,2473.3,610.8,744.4,5386,4279.4,823.9,464.3,671.8,31.44,20.81,44,261.28,58.19,23.7,15.92,36.13,252.67,55.51,-0.02,0.08,-0.22,0.27,-0.19,-0.08,-0.19,-0.15,-0.03,-0.15,-0.2,-0.07,-0.04,-0.33,-0.01,-0.36,0.1,-0.19,102,103.4,102,99.7
May-18,563.2,1028.6,915.8,1578.3,506.1,510.6,185.4,123.7,898.3,1027.2,853.2,395.6,915.2,213.8,331.8,558.6,512.4,1303.1,2063,720.5,717.5,542.5,2803.3,151.7,2005.4,1010.7,3240.3,6538,408.9,2066.3,280.7,801.1,940.5,97.5,417.4,907.9,198.3,1823.3,,,103.4,17638.9,72890.2,3668.1,4732.6,2389.2,6205.2,1639.2,2171.5,1330.9,5266.4,8289.4,1235.2,2608.7,2230.2,5716.3,5503.8,2086.2,3095.6,1719.5,3206.7,4886.3,3058.3,639.8,796,5475.9,4265,793.2,439.3,701.9,32.83,22.03,44.78,265.61,58.29,25.09,17.07,36.95,260.07,55.69,-0.03,-0.03,0.2,-0.18,0.19,0.06,0.16,0.28,0.34,0.06,0.02,-0.01,0.09,-0.2,-0.07,0.23,0,0.29,109.2,113,97.8,105.7
Jun-18,547.2,987.5,889.5,1504.7,478.4,496.6,178.3,113.3,862.9,973.4,892.9,401.4,907.5,199.2,315.3,587,522.9,1457.1,2010,725.6,720.8,503.9,2958.5,275.4,2063.6,1053.1,3290.2,6437.8,385.7,3007.9,583.5,757.3,910,106.2,618.2,1095.7,201.1,1882.6,,,103.7,18141.1,74406.4,3599.1,4882.7,2523.9,6089.2,1669.4,2648.8,1183.3,5313.4,9335.3,1199.1,2884.1,2329.6,5878.1,5773.7,2106.5,3178.7,1882.8,3233.9,5153.9,3556.7,616.4,782.5,5623.3,4162.1,929.2,528,689.4,33,22.57,45.9,272.22,58.44,24.95,17.6,37.85,265.51,55.9,-0.07,-0.02,-0.05,-0.36,0.02,0.03,-0.04,0.19,-0.02,0.04,0.14,0.03,0.05,0.12,0.02,0.34,-0.07,-0.01,107.2,114,99.2,102
Jul-18,534.9,999.6,902.8,1531.1,544.5,494.2,219.1,113.9,869.8,1009.4,879,403.5,935.3,170,327.2,586.5,485.1,1213.5,2061.2,713.1,716.7,495.3,2923.2,157.8,1869.6,1021.3,3134.3,6417.9,406.6,2207.4,295.3,775.4,944.2,93.1,353.4,1031.9,203.3,1827.1,,,104,16317.5,71830.6,3707.8,5073.4,2741.6,6285.7,1537.4,1911.7,1133.7,5275.7,8279.2,1316.1,3030.1,2206.2,5220.3,5656.7,1987.7,2996.3,1909.5,3257.7,5063.6,4112.6,681.7,802.2,5995.8,4416.7,1022.5,423.3,635.9,33.69,23.2,46.64,276.79,58.26,25.77,18.14,38.78,271.05,55.63,-0.01,-0.14,-0.1,0,-0.08,-0.03,-0.06,0.01,0.1,-0.03,-0.15,0,0.07,0.01,0.19,-0.32,0.09,-0.1,111.1,114.9,90.6,113.1
Aug-18,550.1,1022.5,926.9,1631.3,539.8,487.5,182.9,99.8,880.9,962.1,903.4,421.3,921.7,144.8,320.3,561,477.2,1322.2,1980,705.8,712.6,479,2904.1,180.5,1876.1,1046.9,2953.1,4971.4,360.3,2077.1,254.5,775.7,942.8,87.3,344.7,940.6,200.5,1877.7,,,104.1,14338.2,73104.4,3742.6,4955.2,2632.4,6356,1711.4,1993.2,1155.8,5333.2,8642.9,1316.7,2684.2,2161.6,5908.9,5604.7,1941.8,2970.6,1778.2,3426,4921.3,3977.5,663.6,793.8,5755.7,4946.8,794.3,436.9,646.1,33.21,23.46,47.13,281.04,58.03,24.89,18.29,39.48,271.98,55.16,0.06,0.25,0.05,0.02,0.05,-0.02,0.12,-0.21,0.11,0.06,-0.15,-0.04,-0.03,-0.21,-0.52,-0.16,0.04,0.09,107.4,112.9,91.8,108.6
Sep-18,508.4,929.4,896.9,1595.4,444.7,494.2,168.8,96.5,868.4,967.2,955.2,417.1,986.5,159.2,307.8,592.9,497.1,1400.7,1976,708,665.1,505.7,2887.6,228.7,1936.5,1107.2,3111.4,6931.5,374.3,2569.2,473.7,756.4,949.6,93.8,594.1,1054,193.4,1863.2,,,104.1,20889.6,73894.4,3683.9,4778.2,2440.2,5976.8,1874.8,3306.5,1223.2,5494.4,9702.6,1271.2,2774.1,2337.7,5860.5,5691.7,2398.6,3272.2,1953.8,3093.5,5152.3,3603.2,664.2,800.1,5699.3,6734.3,832.9,457.6,595.5,32.42,22.1,45.77,271.52,58.09,25.15,17.26,38.29,262.17,54.98,0.05,0,0.01,-0.07,-0.04,-0.03,-0.08,0.09,-0.32,0.06,0.09,0.01,-0.08,0.18,0.21,0.04,-0.18,-0.06,105.1,110,96.5,107.5
Oct-18,586,1015.2,1022.8,1772.2,461.3,536.1,208.3,104.6,969.8,1081.5,988.4,414.5,983.1,182,326.8,624.4,545.4,1483.5,2181.2,796.3,743.9,532.6,3128.9,239.2,2074.2,1185.7,3312.7,6935.3,410.7,2608.3,320,863.2,980.9,105,386.7,1017.6,190.4,1961,,,104.4,16877.4,81211.4,3902,5119.6,2522.7,6092,1894.5,2141.4,1257.7,5421.5,9735.8,1306.6,3258.5,2570,5873.3,5565.5,2096.2,3638.9,2100.1,3069.9,5444.6,3038.9,709.2,822,6359.7,6712.6,1098,477.9,663.7,34.87,22.98,45.68,267.13,57.52,26.37,17.93,37.84,267.6,54.71,0.13,0.3,0.21,0.39,0.24,0.09,0.22,0.14,-0.13,0.06,-0.01,0.13,0.11,0.17,0.1,0.11,0.18,0.2,107.5,112,100.3,117.9
Nov-18,527,947.3,1022,1731.7,427.3,523.4,244.8,125.2,919.7,1123.9,1010.5,384.4,910.7,186.5,318.1,630.7,585.6,1465.6,2088.5,793.7,712.9,513.1,2986.4,235.1,2090.5,1186.4,3334.9,6869.5,465,2571.7,278.8,874.3,1019.9,102.6,380.2,1042.8,186.1,1909.1,,,104.6,16191.4,79120.4,3848.6,4937.5,2200.4,5973.8,1986.4,2306,1251.9,5508.8,10006.9,1340.4,2982.5,2491.2,6775.3,5845.1,2430.3,3883.1,2245.7,3237.7,5410.5,2365.7,714.9,843.1,6159.7,4674,931.6,498.6,669.8,35.51,22.48,44.83,259.58,56.78,26.32,17.35,37.31,261.43,53.92,-0.11,-0.12,-0.01,0.35,-0.14,-0.04,0.06,-0.11,-0.27,0.02,-0.08,0,-0.1,-0.29,-0.05,-0.04,-0.18,-0.1,112.1,131.3,123.3,142.4
Dec-18,355.9,945.1,986.7,1560.2,453.1,388,159.1,107.6,587.8,888.9,816.1,378.6,788.8,164,222,549.2,457,1254,1483.9,568.4,460,390.1,2517.6,312.6,2163.7,951.3,2852.6,5506.1,482.2,2747.7,448.6,612.8,820.3,117.7,513.5,987.1,172.4,1729.7,,,104.2,13573.7,66708.8,3521.4,4546.9,2226.7,6472.8,1861.1,3465.2,1351.8,5575.1,10602.7,1283.9,3058.1,2198.3,6185.3,5279.5,2352.4,3904.1,2141.1,3088.8,4779.1,2347,738.8,743.9,6065.6,4008.7,958.5,584.5,706.4,28.44,16.99,38.3,245.58,57.7,21.16,13.3,32.25,248.91,55.34,0.2,-0.09,-0.3,-0.08,-0.38,-0.15,-0.13,-0.37,0.2,-0.08,0.04,-0.2,-0.19,-0.1,-0.34,0.27,-0.06,-0.12,126.8,153,120.2,164.6
Jan-19,464.1,918.9,832.4,1500.3,371.2,494.6,169,116.6,732.9,1086.1,874.9,411.5,1027,223.8,270.5,547.7,532.3,1628,1971.4,607.3,574.4,504.6,2839.5,197.6,1845.9,1044.5,2948.9,6621.8,199.5,1930.2,284.9,708.2,923.4,91.1,260.4,832.3,176.6,1779.6,,,104.7,16633.2,68681.4,3530.5,4558,1802.1,5663.1,1684.7,2069.4,1286.3,5161.2,9117.5,1647.7,2923.4,2617.6,5307.3,4983.4,2033.6,3162.7,1646.9,2913.7,4849,2542.3,729.8,720.3,5363.1,4430.1,815.2,508.6,669.5,32.5,19.79,41.41,237.24,57.5,24.34,15.55,34.38,242.9,54.52,-0.25,-0.16,0.1,0.07,0.26,-0.09,-0.05,0.11,-0.39,-0.06,-0.17,-0.05,0.02,0.17,0.32,-0.05,-0.09,0.05,100.4,94.3,94.5,99.6
Feb-19,496.1,892.3,842.5,1497.3,352.4,464.7,170.8,95,771.7,982.1,832.3,378.2,957,228.5,276.1,533.8,531.7,1449,1921,624.4,624.6,484.1,2857,180,1869.7,1062.9,2966.5,6681.2,456,2112.8,269.6,731.5,931.4,103.3,282.6,851.7,171.2,1772.2,,,105,14688,66745.5,3441.4,4336,1910.6,5701.5,1636.9,2142.5,1183.3,5001.6,9160.1,1599,2658,2401.6,5899,5099.5,2666.8,3068.3,1669.6,2904.4,4916.2,2567.2,696.1,700.5,5342.7,4222.8,789.9,493.1,676.2,32.97,20.68,42.98,249.9,57.04,25.67,16.29,36.43,248.89,53.68,-0.13,0.03,-0.09,-0.2,-0.01,0.03,-0.08,-0.12,0.14,-0.11,-0.03,-0.03,-0.07,-0.23,-0.18,-0.18,-0.06,-0.01,106.9,92.7,89.1,106.1
Mar-19,553,982.9,909,1649.8,443.3,526.4,202.5,95.2,856,1067.9,1004.8,461.4,978.8,271.2,312,599.9,577.8,1736.5,2102.1,670.3,720,490.1,3109.1,238.9,2353.8,1245.6,3491,7284.1,529.1,2799.2,566.2,831.3,1124,154.9,381,1001.4,190.2,1843.8,,,105.1,25459.5,70868.5,3766.4,4665.3,2187.2,6416.6,1862.8,3153.4,1343.3,5645.1,10570.1,1668.9,3201.3,2707.4,6570,5840.4,2875.9,3350.3,1856.8,3208.4,5565.5,2639.9,766.3,739.5,5967,4429.8,860.7,580.6,724.6,32.64,20.89,42.85,255.55,57.44,26.28,16.8,37.6,253.76,54.21,0.11,0.09,0.33,-0.15,0.1,0.2,0.14,0.37,0.54,0.11,0.26,0.14,0.21,0.59,0.1,0.26,0.11,0.16,110.1,103.4,89.6,111.5
Apr-19,526.7,985.9,906.5,1525.6,475.4,526.5,178.3,101.7,843.4,1007.6,880.3,464.1,881.5,198.7,288.7,518.8,487.3,1404,1932.6,631.1,726.9,455.1,2798.8,157.3,1919.5,1099.3,3063.1,4780.2,401.5,2185.2,314.5,771.1,929.4,97.7,269.7,927.7,187.6,1827.9,,,104.6,17088,70602.9,3712.4,4755.2,2303.1,6332.3,1738.6,2230.4,1274.5,5115.6,9459,1664,3446.4,2376,5408.1,5024.1,2182.3,3172.8,1911.6,3019.6,4987.2,2801.3,762.6,759.1,5595.3,4263.6,822.6,495.4,666.2,31.29,20.75,43.15,262.73,57.91,24.62,16.67,37.06,259.05,54.65,-0.04,-0.1,-0.2,0.09,-0.09,-0.1,-0.12,-0.2,-0.1,-0.13,-0.16,-0.16,-0.04,-0.26,-0.12,-0.22,0.03,-0.08,112.9,113.7,91.5,112.5
May-19,553.6,1029.3,903.1,1576.2,502.9,512.6,190.8,110.1,878.7,1030.9,896.5,393.9,944.4,219.8,290.8,551,527.8,1457.4,2036.3,692.8,765.7,479,2989.3,201,2079.9,1126.5,3157.6,6106.9,451.3,2126.9,349.9,820,984.9,97.1,264.1,875.7,186.1,1999.2,,,104.8,17850,74178.7,3887.5,4874,2477.7,6714.3,1908.6,2303.4,1427.6,5149.5,9603.8,1724.2,2673.6,2523.8,6430.2,5301.6,2261.2,3107.4,2030.1,3238.5,5226.8,3345.3,816.1,765.1,6059.7,4533.2,811.1,468,698.6,31.47,21.11,42.12,258.61,57.78,25.03,17.17,38.02,259.13,54.71,-0.05,0.15,0.12,-0.18,0.18,0.01,0.15,0.27,0.35,0.08,0.05,0.03,0.06,-0.27,0.17,0.15,-0.03,0.12,113.6,113.3,89.6,113.7
Jun-19,508.3,914.4,844.5,1453.9,439.9,483.9,192.6,99.3,833.1,1001.7,865.7,340.4,840.1,221.9,277.9,547.5,508.8,1577.2,1920,666.5,696.6,467.9,2947.7,233.4,2072.9,1171.2,3182.7,6415.9,482.2,2613.2,447.4,710.7,927.9,119.1,383.9,950.7,188.9,1865,,,105,18265.7,68976.8,3725,4884.1,2780.3,6526,1925.1,2880.1,1320,5276.1,10558.7,1637.3,2889.6,2634.3,6431,5795.8,2783.8,3247.8,2071.9,3138.7,5219.4,3543.1,758,754.4,6171.6,4329,914.8,520,661.8,30.9,21.34,42.79,264.98,57.49,24.55,16.67,34.26,253.04,53.95,-0.12,-0.18,-0.13,-0.4,-0.15,-0.04,-0.17,0.05,-0.15,-0.03,0.07,0.02,-0.06,0.12,-0.11,0.15,-0.13,-0.17,112.5,121.2,89.1,114.1
Jul-19,534.3,1030.3,910.8,1590.8,545.3,527.1,256.6,133.4,839.3,1046.9,892.3,342,855.4,199.1,289.8,541.3,512.1,1669.1,2082.2,704.4,818.2,487.1,3033.5,175.9,1990.7,1168.1,3117.1,6624.4,383.9,2231.3,366.5,825.7,965.3,94.3,350.5,979.7,195.1,1989.2,,,105.4,16800.5,73786.2,4058.1,5312.4,2928.6,6861,1879.9,2229.6,1303.1,5259.7,9814.7,1801.9,3148.6,2558.8,6191,5380.1,2696.6,3327.8,2121.3,3494.3,5356.8,4108.8,788.6,905.3,6094.3,4675,913.4,486.3,689.3,34.44,23.52,45.68,277.14,57.44,26.9,18.87,39.71,269.72,54.36,0.02,-0.04,0.09,0.17,0.25,0.06,0.12,0.12,0.11,0.09,-0.07,0.02,0.14,0.07,0.25,-0.2,0.13,0.13,114.3,122,93,119.5
Aug-19,529.8,986.5,891.8,1647.3,505.6,478.8,188.5,86.1,812.7,1015.9,923.5,327.5,812.6,163.9,276.3,524.1,477.2,1377.3,1872.3,644.7,715.5,431.5,2894.4,176.6,1828.3,1087.7,2810.7,4879.6,474.7,2455.1,256.3,818.7,921.8,89.6,361.1,943,188.9,1941,,,105.3,14963.9,69316.7,3756.1,5000.8,2891.5,6708.8,1795.3,2243.5,1279,5130.2,9351.3,1703.3,2844.8,2472.2,6331.9,5310.5,2346.4,3126.9,2052.7,3309.9,4993.2,4153.5,765.1,873.1,5678.1,4855.8,764.2,444.7,706.8,32.67,22.68,45.85,285.25,57.59,24.83,17.81,39.1,273.67,54.32,-0.02,-0.23,-0.17,-0.16,-0.06,-0.08,-0.01,-0.36,0.09,-0.08,-0.12,-0.13,-0.11,-0.31,-0.36,-0.21,0.04,-0.06,111.3,117.8,91.4,111.9
Sep-19,528.2,968.2,908.7,1700.1,450.4,516.7,196,91.8,811.2,1041.7,1011.2,329.2,820.1,194.1,282.2,560.2,519.9,1473.8,1948.5,716.2,707.6,466.6,3062.1,220.9,2115.5,1206.5,3138.7,7016,432.6,2398.6,349.2,782.5,1047.8,99.5,494.9,1042.5,179.9,1943.4,,,105.3,21855.6,71574,3829.8,5075.5,2725.6,6242.1,2033.8,3719.4,1368,5425.4,10972.1,1769.5,3028.6,2618.3,6371.6,5572.2,2875.6,3455.3,2176.6,3077.8,5361.4,3809.4,763.9,870.7,5794.1,7209.5,809.7,484.7,653.8,33.92,22.7,45.23,273.04,57.25,26.08,17.78,38.3,262.03,53.83,0.1,0.11,0.12,-0.02,0.07,0.02,0.02,0.18,-0.38,0.15,0.21,0.09,0.12,0.18,0.27,0.18,-0.07,-0.09,110,115.5,96.1,109.7
Oct-19,562,1035.4,1005.3,1869.9,458.3,562.8,237.9,113.5,858.8,1143.9,1047.6,342.9,814.8,198.7,303.7,582.7,559.1,1540.7,2163.3,722.1,759.9,490.3,3143.9,232,2151.5,1207.1,3267.5,7112.2,421.9,2424.2,294.6,853.8,1027.6,97.6,365.9,886.4,191.8,1891.9,,,105.5,17475.4,76480.6,4071,5247.7,2550.3,6504.2,2025.8,2598.9,1435.7,5349.5,10524.9,1814.9,3556.2,2782.3,6204.1,5604.7,2900.3,3608.3,2320.7,3291.4,5339.3,3227.2,754.5,919.9,6228.3,7005.8,847.2,524.9,683.2,36.19,22.97,45.01,267.39,56.84,27.95,17.99,39.71,259.15,53.75,0.05,0.18,0.18,0.01,-0.1,0,0.21,0.04,-0.03,0.06,-0.17,0.01,0.07,0.18,0.36,0,0.02,0.21,111.6,121,101.1,118
Nov-19,494,964,988.8,1753.6,425.8,515.1,225.1,116.9,783.3,1039.6,972.9,306.7,759.3,160.1,266.3,535.8,483.7,1486.3,2006.6,671.7,678.8,444.6,3061.1,211.6,2016.9,1163.8,2938,5967,469.2,2447.7,328.4,827.2,976.3,98.4,379,932.8,189.9,1746.9,,,105.1,16490.8,69865.6,3766.1,4884.7,2207.4,6295.3,1916.9,2568,1481.8,5266.9,10370.8,1782.1,3169.3,2695.4,6668.5,5494.7,2485.6,3920.7,2157,3365.9,5389.1,2332.9,753.2,850.3,6110.6,4760.9,809.2,482.4,648.3,34.68,21.93,43.43,258,56.69,26.36,17.24,39.04,252.76,53.69,-0.14,0.07,-0.22,0.28,-0.31,-0.06,0.02,-0.2,-0.11,-0.12,-0.08,-0.07,-0.15,-0.34,0.07,-0.01,-0.22,-0.18,115.4,134.1,121,134.5
Dec-19,346.8,975.3,1005.6,1654.8,460,394.2,169.2,121.7,558.9,890.7,828.5,334.5,682.6,157.6,206.1,502.8,426.3,1291.7,1595.2,511.2,478.9,393.7,2516.3,388.5,2115.5,1057.9,2705.8,5306.2,523.8,2959.6,223.5,632.3,914.5,104.1,476.3,905.2,180.8,1674.1,,,105.3,14470,67792.1,3510.5,4884,2180.3,6816.2,1870.6,4371.5,1514.4,5346.5,11665.7,1745.7,3237.8,2553.1,6762.6,5318,2619.9,3875.4,2111.7,3208.2,5088.1,2464.2,773.1,817.9,6036.9,4384.4,801.8,568.2,705.9,30.19,17.84,38.96,250.31,57.49,22.81,13.99,34.9,243.64,54.16,0.2,0.07,-0.19,0.07,-0.23,-0.14,-0.1,-0.22,0.15,-0.02,0.08,-0.08,-0.11,0.03,-0.37,0.27,-0.12,-0.12,129.5,160.1,129.7,165.9
Jan-20,447.7,941.8,814,1546.4,389,469.7,174.5,100.5,762.3,991.9,854.6,407.5,820.2,203.7,286.9,511.4,533.9,1549,1925.7,634.3,629.4,459.5,2895.8,169.8,1796.5,1035.5,2611.7,6292.5,247.1,2007.2,287.1,700.2,912.7,89.1,282.2,889.9,197.9,1859.3,,,105.5,16898.2,68191.8,3796.3,4947.9,1783.3,5710.7,1553.6,2071.9,1328.8,5066.4,9657.1,1449.7,3095.6,2977.8,5593.8,5040.9,2352.4,3182.1,1696.7,3219.6,5093.3,2496.3,750.6,885.1,5431.6,4908.9,819.8,490.1,684.6,32.8,20.02,41.11,240.65,57.52,24.77,15.65,36.38,233.69,53.93,-0.23,-0.02,0.05,0.19,0.19,-0.09,-0.02,0.08,-0.38,-0.07,-0.15,-0.07,-0.05,0.15,0.21,-0.3,0.01,-0.07,105.5,102.9,95.4,99.3
Feb-20,497.9,895.1,817.6,1564.4,385.6,484.6,188.9,83.8,799.3,923.7,814.1,359.8,723.6,197.6,281.7,507.5,492.3,1651.2,1882.9,612.2,624,440.8,2939.3,207.3,1830.6,1015.3,2673,6315.7,465.1,2242.8,372.1,749.3,878.5,110.3,383.2,883.6,188.3,1735.6,,,105.5,15469.5,64187.7,3675.6,4678.5,1936.2,5705.2,1529.2,2304.5,1231.9,4930.9,9617.3,1382.9,2823.5,2677.6,6141.1,5020.7,2628.9,3152.3,1719.6,3204.1,4908.1,2377.2,714,843.8,5365.1,4533.5,800.1,444.9,675.8,33.24,20.86,42.26,249.65,56.93,24.87,16,36.3,237.53,53.51,-0.11,0.04,-0.06,-0.12,-0.14,0.04,-0.08,-0.14,0.03,-0.1,-0.12,-0.04,-0.1,-0.33,-0.34,-0.21,-0.07,-0.09,111.3,94.1,91.5,105
Mar-20,552.3,1046.5,901.1,1714.5,453.7,468.3,150.7,67.8,774.7,1104.6,839.5,482.7,795.9,247.5,318.4,628.1,567.9,1847.5,2003.3,580.1,601.9,447.3,2987.5,252.5,2276.5,1144.9,2820.4,4708.8,478.8,2285.3,436.6,702,1072.3,150,474.7,1003.7,202,1845.8,,,98.2,18704.2,61630.8,3545.6,4686.6,1177.7,4350.6,1770.3,2976.3,1383.9,5339.3,11377.5,1436,3397.9,2800.9,5967.6,6079.7,3325.7,3093.9,1863.9,3043.3,5102,1157.4,763.3,836.8,5851.9,4548.3,748.6,590.1,548.6,32.86,18.79,33.97,185.77,57.84,25.36,14.98,30.78,182.98,54.74,0.12,0.27,0.14,0.16,-0.01,0.07,0.16,-0.06,-0.45,0.06,0.16,0.1,0,0.47,-0.14,0.15,-0.19,0.04,124.6,68.8,94.1,97.4
Apr-20,280.5,904.9,759.3,1397.9,354.4,246.2,67.6,29,395.7,933.1,509.9,448.3,663.8,202.9,224.9,505.4,458.6,1779.8,1169.9,271.1,281.9,270.2,1886.2,153.9,1658.1,708,1577,603.6,278.2,1246.2,227.5,228.5,688.1,81.7,154.1,723.3,176.2,1359.6,,,78.5,2817.1,43819.1,2428.3,3800.1,262.9,700.8,1317.4,1413.5,1190,4800.9,9808.7,1288.6,3350.3,2221.4,4846.3,4268.9,2265.8,2289.2,1394.1,2029.3,3898.2,197.4,661.8,614.6,4460.7,4030.8,440.7,464.8,269.5,24.29,10.61,15.99,64.21,58.03,18.93,8.95,16.17,73.08,55.76,-0.11,-0.43,-0.49,-0.17,-0.47,-0.46,-0.21,-0.5,-0.64,-0.28,-0.34,-0.29,-0.37,-0.36,-0.24,0.23,-0.51,-0.44,121.8,49.9,75.2,72.2
May-20,394.9,930.8,740.9,1360.6,400.2,327.6,94.7,51.9,556.7,845.3,529.5,302,625.5,202.2,233.4,541.2,494.5,1750,1419.2,427.7,434.3,286.7,2062.6,207.2,1640.7,791,1797,1024.7,313.5,1105.7,265.3,342.7,747,102.6,223.2,708.5,183.2,1271.8,,,80.4,5040.7,44917.2,2577.5,3987.2,221.5,1037.4,1323.5,1337.5,1291.8,4710,9225.4,1338.3,2365.4,2267.5,5168.7,4248.6,2204.8,2180.1,1242.7,2081.1,3888.9,177.8,617.8,604.9,4521.7,4093.6,314.3,417.6,289,25.66,13.09,22.15,102.29,58.57,20.04,11.07,22.24,117.21,55.9,-0.02,-0.24,0.04,-0.2,-0.07,-0.01,0.02,-0.08,0.02,-0.07,-0.06,-0.01,-0.07,-0.3,0.13,-0.16,-0.14,-0.04,125.6,59.8,92.5,90.3
Jun-20,546.6,985.4,828.3,1445.2,483,473.5,130.9,73.4,780.7,932.9,650.8,367.6,574.7,194.4,317.4,556.8,535.4,1971.3,1765.2,579.9,600.9,369.8,2613.3,304.8,2032.9,1028.4,2502,3372.8,447.9,1565,202,483.8,916.1,113.8,320,871,193,1637.5,,,87.3,16180.3,57206.3,3024.5,4368.5,317.1,1687.8,1570.6,2066.6,1204.5,5034.9,10195.6,1331.4,2849.6,2562.5,5188.3,4966.5,2783.9,2266.8,1442.3,2809.4,4169,277.2,642.3,682.3,5718.8,4051.5,322.3,508.1,281.8,31.95,18.33,31.61,160.61,58.48,23.68,14.69,30.21,170.1,55.66,0.02,0.17,0.3,-0.04,0.16,0.25,0.05,0.31,0.18,0.16,0.22,0.2,0.2,0.18,-0.18,0.34,0.17,0.2,124.7,88.5,108.2,110.6
